time,block4a,base,block4a_diff,base_diff,soil_moisture,soil_moisture_diff,infiltration,infiltration_diff,precipitation,temperature,frost,frost_days,ftc,ftc_days
2020-12-03,6.99242842876578,8.26375487407288,0,0,57,0,0,0,10,-0.75,1,1,0,0
2020-12-04,5.58807183023384,6.50189717564059,-1.40435659853194,-1.76185769843229,56,-1,0,0,5.5,-2.04999999999995,1,2,0,0
2020-12-05,6.28891314238836,9.2991193390542,0.700841312154516,2.79722216341361,56,0,0,0,0.4,-3.14999999999998,1,3,0,0
2020-12-06,5.95440641512338,7.9604087292452,-0.334506727264976,-1.33871060980901,56,0,0,0,3,-2.64999999999998,1,4,0,0
2020-12-07,5.64717588401686,9.89892612154458,-0.307230531106526,1.93851739229938,55,-1,0,0,1.3,-1.54999999999995,1,5,1,1
2020-12-08,7.98657204719427,7.83937839220112,2.33939616317742,-2.05954772934346,55,0,0,0,0,1.35000000000002,0,0,1,2
2020-12-09,8.47888612043315,10.2712704928841,0.492314073238878,2.43189210068301,55,0,0,0,6.8,-0.449999999999989,1,1,1,3
2020-12-10,8.38321478533996,10.9010907220542,-0.0956713350931846,0.629820229170104,54,-1,0,0,0,-1.44999999999999,1,2,0,0
2020-12-11,10.1388494519784,8.0355525604455,1.75563466663841,-2.86553816160874,54,0,0,0,0.4,-1.25,1,3,0,0
2020-12-12,9.93049742505252,11.1733410384316,-0.208352026925857,3.13778847798611,54,0,0,0,0,-2.34999999999997,1,4,0,0
2020-12-13,12.4381408706981,8.41324226903466,2.50764344564556,-2.76009876939695,54,0,0,0,0,-2.54999999999995,1,5,0,0
2020-12-14,12.9455094371242,10.9458733447189,0.507368566426148,2.53263107568426,53,-1,0,0,0,-0.75,1,6,0,0
2020-12-15,10.8265337585348,8.78295789838299,-2.1189756785894,-2.16291544633593,53,0,0,0,9.1,-0.75,1,7,1,1
2020-12-16,10.3737725625851,10.6662008869308,-0.452761195949751,1.88324298854778,53,0,0,0,2.2,0.25,0,0,1,2
2020-12-17,11.9824767290551,10.9145645237771,1.60870416647002,0.248363636846308,53,0,0,0,1.5,1.05000000000001,0,0,0,0
2020-12-18,12.168553713852,9.92617562436683,0.186076984796888,-0.988388899410243,53,0,0,0,2.9,0.75,0,0,0,0
2020-12-19,13.0420420446949,12.6547206768,0.873488330842951,2.72854505243315,53,0,0,0,2.2,2.85000000000002,0,0,0,0
2020-12-20,12.550216832832,12.8670163870972,-0.491825211862896,0.212295710297248,53,0,0,0,1.5,4.55000000000001,0,0,0,0
2020-12-21,16.4550714501143,15.833571654267,3.90485461728223,2.96655526716972,53,0,0,0,0.8,1.65000000000003,0,0,0,0
2020-12-22,18.1411709265572,16.2694387137156,1.68609947644291,0.435867059448617,52,-1,0,0,5.3,0.350000000000023,0,0,1,1
2020-12-23,18.038771418259,19.9365024225577,-0.102399508298216,3.66706370884211,52,0,0,0,12.4,-0.349999999999966,1,1,1,2
2020-12-24,21.3788584542819,20.5272290959524,3.34008703602291,0.590726673394713,52,0,0,0,0.7,-2.54999999999995,1,2,0,0
2020-12-25,20.1707960231336,21.6456919506277,-1.20806243114826,1.11846285467529,52,0,0,0,0.1,-5.34999999999997,1,3,0,0
2020-12-26,21.4031812052406,22.8021898315898,1.232385182107,1.15649788096207,52,0,0,0,4,-6.25,1,4,0,0
2020-12-27,21.7742894048954,21.2931449880034,0.371108199654781,-1.50904484358637,52,0,0,0,3.6,-0.849999999999966,1,5,0,0
2020-12-28,24.2854468344119,22.0645998113172,2.51115742951652,0.771454823313842,52,0,0,0,7.4,-0.25,1,6,0,0
2020-12-29,24.9147234846267,22.3777212409557,0.629276650214774,0.313121429638432,52,0,0,0,0.3,-1.84999999999997,1,7,0,0
2020-12-30,24.5677164649324,21.0555504188139,-0.347007019694317,-1.32217082214177,51,-1,0,0,0,-1.54999999999995,1,8,0,0
2020-12-31,24.7870966201788,22.6622517016415,0.219380155246402,1.60670128282759,51,0,0,0,0,-2.34999999999997,1,9,0,0
2021-01-01,24.4157337441372,23.2789690604935,-0.371362876041594,0.616717358851997,51,0,0,0,0.1,-4.14999999999998,1,10,0,0
2021-01-02,25.5638596037309,22.455414005073,1.14812585959371,-0.823555055420517,51,0,0,0,0.1,-6.04999999999995,1,11,0,0
2021-01-03,26.245741571042,21.2502119229835,0.681881967311096,-1.20520208208947,51,0,0,0,0.7,-6.75,1,12,0,0
2021-01-04,25.5285623317283,21.2562252333409,-0.717179239313673,0.00601331035743868,51,0,0,0,0,-9.64999999999998,1,13,0,0
2021-01-05,25.6542946689941,22.7730327612822,0.125732337265781,1.51680752794127,51,0,0,0,0,-8.25,1,14,0,0
2021-01-06,27.6569320251509,21.9297782195832,2.00263735615684,-0.843254541698986,51,0,0,0,0,-9.84999999999997,1,15,0,0
2021-01-07,27.0843481680346,22.7031341005033,-0.572583857116275,0.77335588092004,51,0,0,0,0,-10.95,1,16,0,0
2021-01-08,27.5490436338911,22.8765931109562,0.464695465856455,0.173459010452991,50,-1,0,0,0,-11.95,1,17,0,0
2021-01-09,26.6328444827108,23.3432226892295,-0.916199151180262,0.466629578273285,50,0,0,0,0,-10.65,1,18,0,0
2021-01-10,26.347695571826,23.3980156013026,-0.285148910884814,0.0547929120731006,50,0,0,0,1.5,-5.25,1,19,0,0
2021-01-11,28.0438985134183,24.365536825781,1.69620294159229,0.967521224478325,50,0,0,0,4.4,-6.04999999999995,1,20,0,0
2021-01-12,29.068894716722,25.227946598561,1.02499620330374,0.862409772779998,50,0,0,0,0.7,-9.94999999999999,1,21,0,0
2021-01-13,27.420617932528,24.6281264308479,-1.6482767841941,-0.59982016771303,50,0,0,0,0.7,-5.94999999999999,1,22,0,0
2021-01-14,26.7320773325051,23.4897085523023,-0.688540600022836,-1.13841787854566,50,0,0,0,0,-11.25,1,23,0,0
2021-01-15,28.2634955218427,23.2987705395092,1.53141818933758,-0.190938012793072,50,0,0,0,0,-13.05,1,24,0,0
2021-01-16,28.3059057751223,23.3047829943457,0.0424102532796233,0.00601245483646551,50,0,0,0,0,-11.45,1,25,0,0
2021-01-17,28.9701774436525,26.5452693590542,0.66427166853018,3.24048636470857,50,0,0,0,0.1,-7.34999999999997,1,26,0,0
2021-01-18,28.471536943501,26.3689216583983,-0.498640500151499,-0.176347700655942,49,-1,0,0,1,-3.64999999999998,1,27,0,0
2021-01-19,30.1352194057388,23.7379630592057,1.66368246223778,-2.63095859919256,49,0,0,0,0.6,-4.25,1,28,0,0
2021-01-20,28.4340765671646,24.2658505551593,-1.7011428385742,0.527887495953554,49,0,0,0,0,-4.64999999999998,1,29,0,0
2021-01-21,27.4070075234175,24.9465192299381,-1.0270690437471,0.680668674778772,49,0,0,0,4.9,-3.25,1,30,0,0
2021-01-22,28.492526736714,24.5209918989947,1.08551921329652,-0.425527330943392,49,0,0,0,0.2,-0.549999999999955,1,31,0,0
2021-01-23,30.2471674432532,23.8721848481612,1.75464070653917,-0.648807050833483,49,0,0,0,2.8,-1.54999999999995,1,32,0,0
2021-01-24,29.0448887360511,25.0727793128703,-1.20227870720212,1.20059446470914,49,0,0,0,0,-3.94999999999999,1,33,0,0
2021-01-25,29.1992337594319,23.0318475083252,0.15434502338087,-2.04093180454507,49,0,0,0,0,-10.35,1,34,0,0
2021-01-26,28.4409093054709,21.6588496267758,-0.758324453960995,-1.37299788154946,48,-1,0,0,0,-11.35,1,35,0,0
2021-01-27,27.2617659818642,21.8324805669462,-1.17914332360668,0.17363094017044,48,0,0,0,0.3,-9.54999999999995,1,36,0,0
2021-01-28,27.5283314743316,22.8306080642898,0.2665654924674,0.998127497343567,48,0,0,0,0,-13.15,1,37,0,0
2021-01-29,29.5737935880809,23.6777293412263,2.04546211374927,0.847121276936473,48,0,0,0,1.7,-12.35,1,38,0,0
2021-01-30,29.7422305336756,23.4564334003958,0.168436945594632,-0.221295940830451,48,0,0,0,1.7,-11.45,1,39,0,0
2021-01-31,30.0249696377962,24.1166615567013,0.282739104120612,0.660228156305497,48,0,0,0,0.2,-7.54999999999995,1,40,0,0
2021-02-01,29.7232978551929,24.6053075575142,-0.301671782603297,0.488646000812846,48,0,0,0,0.1,-10.65,1,41,0,0
2021-02-02,29.4650620703583,24.9347886902452,-0.258235784834607,0.329481132731061,48,0,0,0,0,-14.35,1,42,0,0
2021-02-03,29.4997034496227,25.2268771699936,0.0346413792644782,0.292088479748408,48,0,0,0,0,-14.05,1,43,0,0
2021-02-04,29.794223591625,25.4837667896314,0.294520142002252,0.256889619637775,48,0,0,0,0,-15.15,1,44,0,0
2021-02-05,30.3156240950037,25.7076513420305,0.521400503378725,0.223884552399142,48,0,0,0,0.1,-16.55,1,45,0,0
2021-02-06,31.0309065583976,25.9007246200631,0.71528246339388,0.193073278032507,48,0,0,0,0.1,-12.25,1,46,0,0
2021-02-07,31.9070725804453,26.0651804166009,0.87616602204772,0.164455796537897,47,-1,0,0,0.1,-13.55,1,47,0,0
2021-02-08,32.9111237597856,26.2032125245163,1.00405117934028,0.138032107915304,47,0,0,0,0,-13.05,1,48,0,0
2021-02-09,34.0100616950571,26.3170147366809,1.09893793527149,0.113802212164689,47,0,0,0,0.4,-11.95,1,49,0,0
2021-02-10,35.1708879848985,26.408780845967,1.16082628984142,0.0917661092861017,47,0,0,0,0,-14.55,1,50,0,0
2021-02-11,36.3606042279485,26.4807046452466,1.18971624305002,0.0719237992795208,47,0,0,0,0,-13.65,1,51,0,0
2021-02-12,37.5462120228458,26.5349799273915,1.18560779489732,0.0542752821449497,47,0,0,0,0,-16.35,1,52,0,0
2021-02-13,38.6947129682292,26.5738004852739,1.14850094538333,0.0388205578823886,47,0,0,0,0,-14.65,1,53,0,0
2021-02-14,39.7731086627372,26.5993601117657,1.07839569450799,0.0255596264918161,47,0,0,0,0,-13.45,1,54,0,0
2021-02-15,40.7484007050085,26.613852599739,0.975292042271356,0.0144924879732784,47,0,0,0,0.4,-7.44999999999999,1,55,0,0
2021-02-16,41.5875906936819,26.6194717420657,0.839189988673411,0.00561914232672578,47,0,0,0,1,-4.64999999999998,1,56,0,0
2021-02-17,42.2576802273961,26.6184113316179,0.670089533714169,-0.0010604104478027,47,0,0,0,1.8,-4.14999999999998,1,57,0,0
2021-02-18,42.7256709047897,26.6128651612676,0.467990677393601,-0.00554617035032123,47,0,0,0,1,-5.54999999999995,1,58,0,0
2021-02-19,42.9585643245014,26.6050270238868,0.232893419711736,-0.00783813738084405,47,0,0,0,1.1,-3.04999999999995,1,59,0,0
2021-02-20,42.92336208517,26.5970907123474,-0.0352022393314471,-0.00793631153934626,47,0,0,0,0.4,-0.449999999999989,1,60,1,1
2021-02-21,42.587065785434,26.5912500195216,-0.336296299735949,-0.00584069282585276,46,-1,0,0,3.3,2.85000000000002,0,0,1,2
2021-02-22,41.9166770239323,26.5896987382812,-0.670388761501741,-0.00155128124033865,46,0,0,0,2,1.55000000000001,0,0,0,0
2021-02-23,40.8791973993035,26.5946306614984,-1.03747962462885,0.00493192321717473,46,0,0,0,2.1,2.35000000000002,0,0,0,0
2021-02-24,39.4416285101862,26.6082395820451,-1.43756888911727,0.0136089205467016,46,0,0,0,9.9,1.35000000000002,0,0,0,0
2021-02-25,37.5709719552192,26.6327192927933,-1.87065655496701,0.0244797107482277,46,0,0,0,5.4,2.45000000000005,0,0,0,0
2021-02-26,35.2342293330411,26.6702635866151,-2.33674262217805,0.0375442938217709,46,0,0,0,8.3,0.650000000000034,0,0,0,0
2021-02-27,32.3984022422907,26.7230662563824,-2.83582709075041,0.0528026697673205,46,0,0,0,0.1,0.75,0,0,0,0
2021-02-28,29.9305113186481,26.592412426437,-2.46789092364264,-0.130653829945455,46,0,0,0,0.4,0.850000000000023,0,0,1,1
2021-03-01,30.3381117835484,26.0192125073264,0.40760046490033,-0.573199919110561,46,0,0,0,0,-1.14999999999998,1,1,1,2
2021-03-02,30.453021242466,26.7126780109408,0.114909458917616,0.693465503614394,46,0,0,0,0,0.650000000000034,0,1,0,0
2021-03-03,30.1971541250245,27.9099601237507,-0.255867117441536,1.19728211280994,46,0,0,0,0,-1.44999999999999,1,2,0,0
2021-03-04,30.7548344574873,28.0443799607901,0.557680332462795,0.134419837039381,46,0,0,0,0.1,-3.14999999999998,1,3,0,0
2021-03-05,32.4012922595162,26.1831055467004,1.64645780202896,-1.86127441408967,46,0,0,0,0.1,-5.94999999999999,1,4,0,0
2021-03-06,32.5524339649111,25.1204891874489,0.151141705394842,-1.06261635925153,46,0,0,0,0,-3.25,1,5,0,0
2021-03-07,31.2926891982066,28.0938620072435,-1.25974476670449,2.97337281979461,46,0,0,0,2.7,-3.14999999999998,1,6,0,0
2021-03-08,30.8710394281637,26.1076125266403,-0.421649770042929,-1.98624948060324,46,0,0,0,0,-8.04999999999995,1,7,0,0
2021-03-09,31.9643627679282,26.5946867125043,1.09332333976457,0.487074185864056,45,-1,0,0,0,-6.75,1,8,0,0
2021-03-10,33.9337120115328,27.2194503337941,1.96934924360459,0.624763621289738,45,0,0,0,0,-4.84999999999997,1,9,0,0
2021-03-11,34.0819494326808,26.2032774049225,0.148237421148004,-1.01617292887156,45,0,0,0,0.3,-4.14999999999998,1,10,0,0
2021-03-12,31.5983509654604,26.8118831706866,-2.48359846722043,0.608605765764061,45,0,0,0,3,-2.04999999999995,1,11,0,0
2021-03-13,32.1717471813982,26.9392615065325,0.573396215937848,0.127378335845922,45,0,0,0,0.7,-2.25,1,12,0,0
2021-03-14,33.077685980752,27.4497888282861,0.905938799353805,0.510527321753603,45,0,0,0,0,-3.34999999999997,1,13,0,0
2021-03-15,30.9512415209021,26.265791125444,-2.12644445984998,-1.18399770284206,45,0,0,0,0.1,-4.64999999999998,1,14,0,0
2021-03-16,31.4384150166286,28.1062706334742,0.487173495726534,1.84047950803012,45,0,0,0,2.8,-3.54999999999995,1,15,0,0
2021-03-17,32.3439858710866,25.9152536404834,0.90557085445797,-2.19101699299077,45,0,0,0,0.1,-7.14999999999998,1,16,0,0
2021-03-18,30.9635398912129,27.7242775097571,-1.38044597987366,1.80902386927371,45,0,0,0,0,-4.34999999999997,1,17,0,0
2021-03-19,31.5209767425572,27.6829021347397,0.557436851344299,-0.0413753750173811,45,0,0,0,0,-2.64999999999998,1,18,0,0
2021-03-20,30.8873117806118,26.374181040595,-0.633664961945364,-1.30872109414477,45,0,0,0,0,-0.0499999999999545,1,19,0,0
2021-03-21,32.2120931798076,25.7569430877576,1.32478139919577,-0.617237952837382,45,0,0,0,1.6,-0.849999999999966,1,20,0,0
2021-03-22,30.9870828863907,26.8768052934554,-1.22501029341693,1.11986220569783,45,0,0,0,0,-1.94999999999999,1,21,1,1
2021-03-23,31.1510630878668,26.6418782039867,0.163980201476122,-0.234927089468698,44,-1,0,0,0.1,1.45000000000005,0,0,1,2
2021-03-24,31.9527908502722,27.0150263354178,0.801727762405392,0.373148131431101,44,0,0,0,0.5,1.65000000000003,0,0,1,3
2021-03-25,29.5008345539774,26.6673639311758,-2.45195629629485,-0.34766240424204,44,0,0,0,3.4,-0.649999999999977,1,1,1,4
2021-03-26,31.8291566440364,26.0926442639871,2.32832209005905,-0.574719667188717,44,0,0,0,0.9,-0.149999999999977,1,2,1,5
2021-03-27,31.7394940455555,26.4681625371605,-0.0896625984808566,0.375518273173441,44,0,0,0,1.5,0.850000000000023,0,0,1,6
2021-03-28,31.9468995545156,26.5598590450297,0.207405508960065,0.0916965078691838,44,0,0,0,0,-1.25,1,1,1,7
2021-03-29,30.1775870602202,25.8122735467742,-1.76931249429544,-0.747585498255461,44,0,0,0,5.8,0.25,0,0,1,8
2021-03-30,34.6268214002506,24.5366614289884,4.44923434003043,-1.27561211778581,44,0,0,0,8,2.05000000000001,0,0,0,0
2021-03-31,37.2816361554838,24.952850381642,2.6548147552332,0.416188952653631,44,0,0,0,10.5,2.75,0,0,1,1
2021-04-01,31.5757509779564,27.3199490352688,-5.70588517752741,2.36709865362681,44,0,0,0,0,-0.849999999999966,1,1,1,2
2021-04-02,31.1918022976412,25.8483092303257,-0.383948680315161,-1.47163980494313,44,0,0,0,0.9,-0.849999999999966,1,2,0,0
2021-04-03,32.2206449920456,25.1663978249366,1.02884269440433,-0.681911405389066,44,0,0,0,0,-2.14999999999998,1,3,0,0
2021-04-04,32.6333652499037,25.9376942023858,0.41272025785819,0.771296377449144,44,0,0,0,0,-0.449999999999989,1,4,0,0
2021-04-05,32.5228262716681,26.9114629426833,-0.110538978235631,0.973768740297494,44,0,0,0,8.9,-4.34999999999997,1,5,0,0
2021-04-06,31.981891257791,26.8369686258393,-0.54093501387711,-0.0744943168440067,44,0,0,0,3.4,-5.04999999999995,1,6,0,0
2021-04-07,31.3714685999922,25.7112099483634,-0.610422657798768,-1.12575867747585,44,0,0,0,0.2,-3.14999999999998,1,7,0,0
2021-04-08,31.7274673741775,26.572081756587,0.355998774185256,0.860871808223521,44,0,0,0,0.6,-4.54999999999995,1,8,0,0
2021-04-09,32.6656386922545,26.8935646401888,0.938171318076961,0.321482883601835,44,0,0,0,5.7,-3.64999999999998,1,9,0,0
2021-04-10,33.0066222583312,26.1536504388892,0.340983566076794,-0.739914201299587,44,0,0,0,7.2,-3.94999999999999,1,10,0,0
2021-04-11,31.608730761505,25.2012962455592,-1.39789149682629,-0.95235419332997,44,0,0,0,0,-4.54999999999995,1,11,0,0
2021-04-12,29.5384015316564,25.4049555484579,-2.07032922984853,0.203659302898703,44,0,0,0,0,-3.14999999999998,1,12,0,0
2021-04-13,30.9086348020202,26.0809803073385,1.37023327036377,0.67602475888053,44,0,0,0,0,-3.14999999999998,1,13,0,0
2021-04-14,30.7032668372072,28.0410443815159,-0.205367964812982,1.96006407417744,43,-1,0,0,0.2,-3.64999999999998,1,14,0,0
2021-04-15,32.4443760415046,24.6150895158197,1.74110920429737,-3.42595486569621,43,0,0,0,0,-3.14999999999998,1,15,0,0
2021-04-16,31.6192753291688,25.6975494447822,-0.825100712335789,1.08245992896249,43,0,0,0,0,-3.44999999999999,1,16,0,0
2021-04-17,33.5170949575052,26.421817918637,1.89781962833644,0.724268473854792,43,0,0,0,0,-0.949999999999989,1,17,1,1
2021-04-18,32.2654281254313,24.8255725884928,-1.25166683207392,-1.59624533014421,43,0,0,0,0,2.75,0,0,1,2
2021-04-19,31.6297882548113,23.8302951858178,-0.635639870620008,-0.995277402675001,43,0,0,0,0,4.65000000000003,0,0,0,0
2021-04-20,30.6071626183881,29.8589256645453,-1.02262563642318,6.02863047872753,43,0,0,0,0,4.95000000000005,0,0,0,0
2021-04-21,33.2989093649373,25.7610170493932,2.6917467465492,-4.09790861515208,44,1,1,1,2.3,1.85000000000002,0,0,1,1
2021-04-22,34.2790400009344,22.9732322043109,0.980130635997028,-2.78778484508227,44,0,0,-1,0.6,-1.25,1,1,1,2
2021-04-23,32.954766217875,24.03953875367,-1.32427378305932,1.06630654935907,44,0,0,0,0.2,-1.84999999999997,1,2,0,0
2021-04-24,30.8538703937958,26.6008098480892,-2.10089582407927,2.56127109441923,44,0,0,0,0.4,-2.64999999999998,1,3,0,0
2021-04-25,29.2628040251296,28.673388435936,-1.5910663686662,2.07257858784681,44,0,0,0,0.2,-3.75,1,4,0,0
2021-04-26,28.5026950818959,29.7754966565722,-0.760108943233661,1.10210822063619,44,0,0,0,0,-3.44999999999999,1,5,0,0
2021-04-27,28.6533406525109,29.8008264471082,0.150645570614987,0.0253297905360021,44,0,0,0,0,-2.75,1,6,0,0
2021-04-28,29.7945378253906,28.6430697446545,1.14119717287974,-1.15775670245378,43,-1,0,0,0,-1.75,1,7,0,0
2021-04-29,32.0060836889512,26.1959184863213,2.2115458635606,-2.44715125833315,43,0,0,0,0,-1.34999999999997,1,8,0,0
2021-04-30,33.3374638287218,23.9981419121324,1.33138013977052,-2.19777657418895,43,0,0,0,0,-2.44999999999999,1,9,0,0
2021-05-01,29.7722270764188,25.9333693588252,-3.56523675230293,1.93522744669288,43,0,0,0,0.2,0.0500000000000114,0,10,0,0
2021-05-02,31.5627060025565,25.1815796255728,1.7904789261377,-0.751789733252394,43,0,0,0,0,-0.149999999999977,1,11,1,1
2021-05-03,30.548561724079,25.9408110767994,-1.01414427847753,0.759231451226516,43,0,0,0,1.4,0.75,0,0,1,2
2021-05-04,32.968165761784,25.9310976751604,2.41960403770497,-0.00971340163896883,43,0,0,0,0.5,-1.94999999999999,1,1,1,3
2021-05-05,31.9520150162184,25.7261137193998,-1.01615074556554,-0.204983955760618,43,0,0,0,0,0.75,0,0,1,4
2021-05-06,33.2124510537246,26.4894236701113,1.26043603750615,0.76330995071157,43,0,0,0,0,-0.349999999999966,1,1,1,5
2021-05-07,32.7184661273635,24.8846843161603,-0.493984926361122,-1.60473935395102,43,0,0,0,0.3,-0.0499999999999545,1,2,1,6
2021-05-08,31.5757887231858,26.6197403199367,-1.14267740417768,1.73505600377642,43,0,0,0,0,0.150000000000034,0,0,1,7
2021-05-09,31.8688921134788,25.0646135158625,0.293103390293062,-1.55512680407426,43,0,0,0,0,1.45000000000005,0,0,0,0
2021-05-10,32.1333253752364,23.286170317381,0.264433261757567,-1.77844319848144,46,3,5,5,1.8,3.15000000000003,0,0,0,0
2021-05-11,31.9676473104202,22.550465352236,-0.165678064816213,-0.735704965145036,52,6,17,12,2.8,5.65000000000003,0,0,0,0
2021-05-12,31.4824451206199,22.6549719575448,-0.485202189800283,0.104506605308828,55,3,12,-5,0,6.25,0,0,0,0
2021-05-13,30.7883060074253,23.397163470425,-0.694139113194645,0.742191512880172,56,1,10,-2,0.2,5.85000000000002,0,0,0,0
2021-05-14,29.995817172426,24.574513227994,-0.7924888349993,1.17734975756898,60,4,18,8,0.3,8.85000000000002,0,0,0,0
2021-05-15,29.2155658172117,25.9844945673692,-0.780251355214244,1.40998133937525,64,4,21,3,0,9.25,0,0,0,0
2021-05-16,28.5581391433722,27.4245808256682,-0.657426673839481,1.44008625829899,65,1,15,-6,0.4,6.65000000000003,0,0,0,0
2021-05-17,28.1341243524972,28.6922453400084,-0.424014790875013,1.2676645143402,65,0,13,-2,1,4.75,0,0,0,0
2021-05-18,28.0541086461764,29.5849614475073,-0.0800157063208395,0.892716107498874,65,0,10,-3,0,5.95000000000005,0,0,0,0
2021-05-19,28.4286792259994,29.9002024852823,0.374570579823047,0.315241037775007,63,-2,5,-5,0,3.05000000000001,0,0,0,0
2021-05-20,29.3684232935561,29.4354417904509,0.939744067556632,-0.464760694831391,62,-1,8,3,0.4,4.35000000000002,0,0,0,0
2021-05-21,30.983928050436,27.9881527001306,1.61550475687994,-1.44728909032032,61,-1,7,-1,0,3.55000000000001,0,0,0,0
2021-05-22,32.558017796555,26.4261886099841,1.57408974611901,-1.5619640901465,63,2,14,7,0.5,6.05000000000001,0,0,0,0
2021-05-23,31.9986110606568,27.1472546365206,-0.559406735898254,0.72106602653653,64,1,15,1,0.2,6.15000000000003,0,0,0,0
2021-05-24,32.2249121518466,26.3828227380124,0.226301091189793,-0.76443189850826,66,2,16,1,0.3,7.05000000000001,0,0,0,0
2021-05-25,32.1065079066461,28.4140303227469,-0.118404245200509,2.03120758473453,67,1,15,-1,0.1,6.35000000000002,0,0,0,0
2021-05-26,32.8743648962578,27.7232552635898,0.767856989611772,-0.690775059157115,67,0,13,-2,0,6.25,0,0,0,0
2021-05-27,31.9185528297848,27.1399011841893,-0.955812066473005,-0.58335407940049,68,1,18,5,0,7.35000000000002,0,0,0,0
2021-05-28,34.0684762307144,27.3121540681487,2.14992340092961,0.172252883959398,69,1,16,-2,0,8.25,0,0,0,0
2021-05-29,32.8182357923382,28.1592434971855,-1.25024043837625,0.847089429036853,70,1,18,2,0,11.05,0,0,0,0
2021-05-30,32.3081709690841,27.6599693073989,-0.510064823254055,-0.499274189786668,74,4,27,9,0.3,13.15,0,0,0,0
2021-05-31,32.6189096945081,29.129603692017,0.310738725423974,1.46963438461812,76,2,26,-1,0,14.05,0,0,0,0
2021-06-01,32.1918015793242,28.6643040262078,-0.42710811518392,-0.465299665809191,78,2,26,0,0,14.55,0,0,0,0
2021-06-02,35.688644259479,30.1992050892141,3.49684268015479,1.53490106300632,78,0,23,-3,0,15.85,0,0,0,0
2021-06-03,33.3211609087203,29.4620656536002,-2.36748335075865,-0.737139435613951,78,0,21,-2,0,13.05,0,0,0,0
2021-06-04,31.1163999215498,31.3066345886987,-2.20476098717053,1.8445689350985,78,0,21,0,0,13.05,0,0,0,0
2021-06-05,33.3520843648632,31.0862006853339,2.23568444331345,-0.22043390336481,77,-1,18,-3,0.6,12.35,0,0,0,0
2021-06-06,34.3337860352704,30.9759840919022,0.981701670407169,-0.110216593431691,74,-3,14,-4,0,13.65,0,0,0,0
2021-06-07,34.5143168282939,31.6657092703684,0.180530793023522,0.68972517846623,71,-3,10,-4,0.1,11.05,0,0,0,0
2021-06-08,34.3168972261774,31.86000485411,-0.197419602116561,0.194295583741599,69,-2,12,2,0,12.85,0,0,0,0
2021-06-09,33.3106697581945,31.7560421222687,-1.00622746798289,-0.103962731841275,68,-1,11,-1,0,12.25,0,0,0,0
2021-06-10,36.6048071414908,32.6406954686149,3.2941373832963,0.884653346346148,67,-1,14,3,1.9,11.85,0,0,0,0
2021-06-11,38.2888225260788,36.3820028681369,1.68401538458806,3.74130739952204,67,0,12,-2,0.6,11.25,0,0,0,0
2021-06-12,38.3102168494412,35.915050637062,0.0213943233624008,-0.46695223107487,69,2,20,8,5,8.65000000000003,0,0,0,0
2021-06-13,37.7746757619422,33.9686384236604,-0.535541087498984,-1.94641221340164,65,-4,4,-16,0.4,4.75,0,0,0,0
2021-06-14,37.4861465205711,34.888726673554,-0.288529241371165,0.920088249893638,69,4,24,20,15.9,6.65000000000003,0,0,0,0
2021-06-15,38.4462128112744,36.3958597768717,0.960066290703296,1.50713310331766,71,2,21,-3,13.9,5.25,0,0,0,0
2021-06-16,40.3295428243888,36.1861234843896,1.88333001311446,-0.209736292482127,67,-4,3,-18,0.6,5.65000000000003,0,0,0,0
2021-06-17,39.3887207756016,37.1576486017228,-0.940822048787183,0.971525117333286,65,-2,8,5,3.6,9.25,0,0,0,0
2021-06-18,38.8328640247402,38.5383155360309,-0.555856750861423,1.38066693430804,65,0,13,5,6.5,10.85,0,0,0,0
2021-06-19,41.1144830141493,39.2560135909733,2.2816189894091,0.717698054942417,65,0,10,-3,0,8.65000000000003,0,0,0,0
2021-06-20,40.7523027200058,40.9517199417994,-0.362180294143542,1.69570635082611,65,0,14,4,10.6,7.75,0,0,0,0
2021-06-21,41.379445228891,41.6211738419311,0.627142508885171,0.669453900131657,71,6,29,15,12,9.55000000000001,0,0,0,0
2021-06-22,43.0634072246425,41.4133838093222,1.68396199575159,-0.207790032608891,67,-4,3,-26,0,7.85000000000002,0,0,0,0
2021-06-23,44.1239040527242,41.3629490499066,1.06049682808167,-0.0504347594156016,63,-4,2,-1,0.2,11.05,0,0,0,0
2021-06-24,43.9154897597697,42.1158405573871,-0.208414292954558,0.752891507480499,60,-3,2,0,0.2,11.65,0,0,0,0
2021-06-25,44.9419017710417,42.9670635827888,1.02641201127202,0.85122302540168,58,-2,3,1,0.1,12.35,0,0,0,0
2021-06-26,46.7810305087698,43.6371835898914,1.83912873772811,0.670120007102646,57,-1,5,2,1,13.45,0,0,0,0
2021-06-27,48.0205949691328,44.0503131487213,1.23956446036297,0.413129558829887,56,-1,3,-2,0,13.15,0,0,0,0
2021-06-28,47.6727872982321,44.1938024591569,-0.347807670900657,0.143489310435591,54,-2,2,-1,0,11.65,0,0,0,0
2021-06-29,46.4476922418608,44.3079522404858,-1.22509505637135,0.114149781328898,53,-1,3,1,0,12.65,0,0,0,0
2021-06-30,45.4798676957345,44.6963008418479,-0.967824546126238,0.388348601362082,52,-1,3,0,0.4,13.55,0,0,0,0
2021-07-01,45.9038715555691,45.662386612383,0.424003859834599,0.96608577053513,51,-1,3,0,0,14.75,0,0,0,0
2021-07-02,47.8468846743178,47.0519498875735,1.94301311874866,1.38956327519054,50,-1,2,-1,0,16.55,0,0,0,0
2021-07-03,48.6807998624806,47.3940794754941,0.833915188162855,0.342129587920581,48,-2,1,-1,0,17.95,0,0,0,0
2021-07-04,49.3704813457877,47.0972274482964,0.689681483307034,-0.296852027197687,47,-1,1,0,0,17.55,0,0,0,0
2021-07-05,49.9857042379644,47.5533722078728,0.615222892176703,0.456144759576354,47,0,4,3,1.6,15.45,0,0,0,0
2021-07-06,49.8733949988336,48.1039612018118,-0.112309239130745,0.550588993938995,46,-1,2,-2,1.6,14.55,0,0,0,0
2021-07-07,50.5279869867707,48.5335881841924,0.654591987937117,0.42962698238064,45,-1,2,0,0.5,13.85,0,0,0,0
2021-07-08,52.3974583102498,48.7087129090461,1.8694713234791,0.175124724853674,44,-1,1,-1,0,12.75,0,0,0,0
2021-07-09,50.2674840187719,47.8912862032012,-2.12997429147789,-0.817426705844888,46,2,9,8,3,11.95,0,0,0,0
2021-07-10,51.3651886663948,48.107000093004,1.09770464762285,0.215713889802785,46,0,5,-4,4.7,11.55,0,0,0,0
2021-07-11,50.8994525453252,49.1650593030946,-0.46573612106959,1.0580592100906,45,-1,1,-4,1.1,12.25,0,0,0,0
2021-07-12,51.8519732677836,48.7208998699115,0.952520722458367,-0.444159433183124,44,-1,0,-1,0,10.25,0,0,0,0
2021-07-13,51.9653760517704,48.4707675195171,0.113402783986778,-0.250132350394402,43,-1,0,0,0,14.95,0,0,0,0
2021-07-14,53.2272053626668,48.9029673644234,1.26182931089642,0.432199844906307,42,-1,2,2,1.4,16.85,0,0,0,0
2021-07-15,52.1212680314349,49.4221697787209,-1.10593733123184,0.519202414297538,43,1,5,3,5.4,15.45,0,0,0,0
2021-07-16,53.2124694720298,49.7460443566535,1.09120144059482,0.323874577932621,42,-1,0,-5,0,11.85,0,0,0,0
2021-07-17,54.2780439975478,49.9737451171472,1.06557452551804,0.227700760493676,40,-2,0,0,0,12.95,0,0,0,0
2021-07-18,54.1516382514634,50.0893226783523,-0.126405746084366,0.115577561205065,40,0,1,1,0.6,9.85000000000002,0,0,0,0
2021-07-19,54.1223509384918,49.3237626551876,-0.0292873129716256,-0.76556002316466,39,-1,0,-1,0,7.05000000000001,0,0,0,0
2021-07-20,53.993287505324,50.1765722039523,-0.129063433167758,0.852809548764689,39,0,0,0,0,9.95000000000005,0,0,0,0
2021-07-21,54.129878142234,50.6967530387533,0.13659063691,0.520180834801053,38,-1,0,0,0,9.65000000000003,0,0,0,0
2021-07-22,55.3352958312961,50.2713231891136,1.20541768906208,-0.42542984963972,37,-1,0,0,0.1,12.55,0,0,0,0
2021-07-23,54.0124859908033,51.1914903986647,-1.32280984049285,0.920167209551067,36,-1,0,0,0,13.35,0,0,0,0
2021-07-24,54.9571639292621,50.7399840097265,0.94467793845881,-0.451506388938149,35,-1,0,0,0,17.45,0,0,0,0
2021-07-25,55.0004787666551,50.871306050692,0.0433148373930337,0.131322040965408,34,-1,0,0,0,17.45,0,0,0,0
2021-07-26,54.9077256750959,51.0956292186313,-0.0927530915592669,0.224323167939346,33,-1,0,0,0,18.55,0,0,0,0
2021-07-27,56.4011602016487,51.324588635031,1.49343452655284,0.228959416399697,32,-1,0,0,0,17.75,0,0,0,0
2021-07-28,56.0623835849337,52.3777181741513,-0.338776616714952,1.05312953912033,33,1,3,3,7.1,14.55,0,0,0,0
2021-07-29,56.1938771879936,51.6058550398213,0.13149360305988,-0.771863134330062,33,0,2,-1,3.6,13.25,0,0,0,0
2021-07-30,57.3523145891607,51.8689527970936,1.15843740116706,0.263097757272348,34,1,2,0,2.9,12.05,0,0,0,0
2021-07-31,56.6481089828309,51.7508753034926,-0.704205606329786,-0.118077493601021,33,-1,0,-2,0,13.75,0,0,0,0
2021-08-01,56.0489233582623,52.2482014837333,-0.599185624568612,0.497326180240741,33,0,0,0,0.8,10.45,0,0,0,0
2021-08-02,56.8349606765902,52.5151618792635,0.786037318327963,0.266960395530191,32,-1,0,0,0,9.75,0,0,0,0
2021-08-03,58.0621480115099,52.3163941239173,1.22718733491968,-0.198767755346189,31,-1,0,0,0.2,9.15000000000003,0,0,0,0
2021-08-04,58.3459691137218,51.7897696623838,0.283821102211917,-0.526624461533537,31,0,0,0,0,8.85000000000002,0,0,0,0
2021-08-05,57.3554249152942,51.6145978939463,-0.990544198427614,-0.175171768437544,31,0,0,0,0,10.75,0,0,0,0
2021-08-06,57.7164515434414,52.8571593685956,0.361026628147201,1.24256147464936,30,-1,0,0,0.3,12.15,0,0,0,0
2021-08-07,58.2342770383601,52.4561170949534,0.517825494918633,-0.401042273642169,30,0,0,0,0,12.55,0,0,0,0
2021-08-08,57.7640900279573,53.3205031218941,-0.470187010402796,0.864386026940629,29,-1,0,0,0.2,11.65,0,0,0,0
2021-08-09,57.9525127491933,53.3768206728005,0.18842272123608,0.0563175509064138,29,0,0,0,0.1,12.35,0,0,0,0
2021-08-10,59.3526280559939,52.3284542624801,1.40011530680054,-1.04836641032038,29,0,2,2,4.1,11.95,0,0,0,0
2021-08-11,59.1703181477012,52.8651368540403,-0.182309908292673,0.536682591560243,31,2,5,3,7.3,11.35,0,0,0,0
2021-08-12,59.6362345956623,53.1378532643808,0.465916447961092,0.272716410340436,30,-1,0,-5,0.1,12.55,0,0,0,0
2021-08-13,59.6599311112122,53.1608565530549,0.0236965155499007,0.0230032886740759,30,0,0,0,1.8,12.65,0,0,0,0
2021-08-14,59.4774722468112,53.621992922613,-0.182458864400999,0.461136369558169,31,1,2,2,3,9.45000000000005,0,0,0,0
2021-08-15,59.9124111337825,53.6206604142724,0.434938886971302,-0.00133250834061727,31,0,2,0,2.2,8.35000000000002,0,0,0,0
2021-08-16,60.0594182548357,53.8929699030913,0.14700712105315,0.272309488818927,33,2,4,2,0.8,7.65000000000003,0,0,0,0
2021-08-17,59.8522686727968,52.9576772987445,-0.207149582038866,-0.935292604346827,32,-1,0,-4,0.1,9.35000000000002,0,0,0,0
2021-08-18,60.6894946907979,54.1839040720317,0.837226018001068,1.22622677328718,32,0,0,0,0,11.55,0,0,0,0
2021-08-19,59.0983903858372,54.2963285190948,-1.59110430496062,0.112424447063077,32,0,2,2,3.1,7.45000000000005,0,0,0,0
2021-08-20,60.0881555429867,53.8805387911938,0.989765157149449,-0.415789727900986,33,1,2,0,0,7.55000000000001,0,0,0,0
2021-08-21,60.5297124780382,54.4600933746019,0.441556935051501,0.579554583408097,33,0,0,-2,0,7.35000000000002,0,0,0,0
2021-08-22,61.1211993148492,54.1650328508547,0.591486836811036,-0.295060523747182,32,-1,0,0,0,8.75,0,0,0,0
2021-08-23,61.3087253454436,53.6081629451048,0.187526030594384,-0.556869905749934,32,0,0,0,0,10.45,0,0,0,0
2021-08-24,61.0900268413167,53.7761949461297,-0.218698504126898,0.168032001024926,31,-1,0,0,0.1,11.25,0,0,0,0
2021-08-25,61.343788174765,55.6717347251397,0.253761333448239,1.89553977901002,31,0,0,0,0,11.55,0,0,0,0
2021-08-26,62.445228346936,55.2706478536891,1.101440172171,-0.401086871450616,30,-1,0,0,0,9.85000000000002,0,0,0,0
2021-08-27,62.3027529278016,55.3882795959921,-0.14247541913435,0.117631742303047,30,0,0,0,0,10.35,0,0,0,0
2021-08-28,61.7285056078097,54.9045894463327,-0.57424731999194,-0.483690149659445,29,-1,0,0,0,10.65,0,0,0,0
2021-08-29,64.6856823176105,54.4538554115345,2.95717670980088,-0.450734034798138,29,0,0,0,0,11.15,0,0,0,0
2021-08-30,63.1722544841734,54.5675351873534,-1.51342783343713,0.113679775818852,28,-1,0,0,0,13.05,0,0,0,0
2021-08-31,64.2211270902984,54.6196658535568,1.04887260612495,0.052130666203368,28,0,0,0,0,12.75,0,0,0,0
2021-09-01,63.2893185858202,55.1139335929168,-0.931808504478163,0.494267739360033,27,-1,0,0,0,10.95,0,0,0,0
2021-09-02,63.6852208485074,55.4465477946838,0.395902262687251,0.332614201766958,27,0,0,0,0,10.45,0,0,0,0
2021-09-03,63.4897249663933,55.2285689317722,-0.195495882114123,-0.217978862911522,27,0,0,0,0,9.45000000000005,0,0,0,0
2021-09-04,64.0367625602584,55.0294071435598,0.54703759386512,-0.199161788212471,26,-1,0,0,0.3,7.15000000000003,0,0,0,0
2021-09-05,63.8783615101329,55.3905342915378,-0.158401050125583,0.361127147978074,26,0,0,0,0,9.55000000000001,0,0,0,0
2021-09-06,63.9947920132031,55.8435004502488,0.116430503070283,0.452966158710936,26,0,0,0,0,9.85000000000002,0,0,0,0
2021-09-07,62.9751031385078,56.4521581709881,-1.01968887469531,0.608657720739366,26,0,0,0,1.6,9.25,0,0,0,0
2021-09-08,64.9828398719993,56.3294640307846,2.00773673349147,-0.122694140203549,26,0,0,0,0,11.85,0,0,0,0
2021-09-09,63.8478108956434,56.271257013245,-1.13502897635595,-0.0582070175396439,25,-1,0,0,0,13.05,0,0,0,0
2021-09-10,63.5389006391886,55.3726579325426,-0.308910256454737,-0.898599080702326,25,0,0,0,0.6,13.15,0,0,0,0
2021-09-11,60.7434700359855,55.3284594222104,-2.79543060320313,-0.0441985103322011,25,0,2,2,0.2,12.75,0,0,0,0
2021-09-12,60.7115929252633,57.4119760231993,-0.0318771107221991,2.0835166009889,30,5,14,12,11.8,11.95,0,0,0,0
2021-09-13,64.6049525907182,55.7758181597484,3.89335966545492,-1.63615786345098,30,0,0,-14,0,9.25,0,0,0,0
2021-09-14,67.0984354834928,54.3340692056612,2.49348289277458,-1.44174895408712,30,0,0,0,0,7.05000000000001,0,0,0,0
2021-09-15,67.482763045992,54.1641785597146,0.384327562499195,-0.16989064594663,30,0,0,0,0,7.75,0,0,0,0
2021-09-16,66.6133996421283,54.7522828302032,-0.869363403863659,0.5881042704886,30,0,0,0,0,10.15,0,0,0,0
2021-09-17,65.3458096358144,55.5845186254218,-1.26759000631391,0.832235795218629,30,0,0,0,0.5,7.95000000000005,0,0,0,0
2021-09-18,64.5354573909628,56.1470225536652,-0.8103522448516,0.562503928243373,29,-1,0,0,0,5.95000000000005,0,0,0,0
2021-09-19,64.9711175525555,56.25290041111,0.435660161592693,0.10587785744481,29,0,0,0,0,7.65000000000003,0,0,0,0
2021-09-20,65.8682454137609,56.6818349005221,0.897127861205419,0.428934489412058,28,-1,0,0,0,7.95000000000005,0,0,0,0
2021-09-21,64.2229039709107,57.0575142793092,-1.64534144285025,0.375679378787154,30,2,5,5,3.8,6.35000000000002,0,0,0,0
2021-09-22,64.9614068116353,56.8064989779578,0.738502840724607,-0.251015301351408,31,1,1,-4,1.5,6.75,0,0,0,0
2021-09-23,65.086591639655,57.0706540903293,0.125184828019769,0.264155112371469,34,3,8,7,8.2,7.15000000000003,0,0,0,0
2021-09-24,64.6938683137468,57.2961709747855,-0.392723325908278,0.225516884456198,35,1,4,-4,13.6,2.95000000000005,0,0,0,0
2021-09-25,66.3592852428366,57.1154363617298,1.66541692908986,-0.180734613055712,41,6,16,12,16.3,5.05000000000001,0,0,0,0
2021-09-26,64.8148501734469,56.7809601376666,-1.54443506938975,-0.33447622406316,40,-1,0,-16,0,6.15000000000003,0,0,0,0
2021-09-27,67.1474238955117,57.3199567201856,2.33257372206479,0.53899658251899,39,-1,0,0,0,11.65,0,0,0,0
2021-09-28,66.6406307712604,57.5171038885414,-0.50679312425126,0.197147168355841,45,6,18,18,13.6,9.45000000000005,0,0,0,0
2021-09-29,66.1432665374012,57.1325518027325,-0.497364233859187,-0.38455208580897,44,-1,0,-18,0.3,8.05000000000001,0,0,0,0
2021-09-30,66.2293119839812,57.7045887026375,0.0860454465799592,0.572036899905008,43,-1,0,0,0,8.05000000000001,0,0,0,0
2021-10-01,66.402277402446,58.3066658095027,0.172965418464841,0.602077106865224,43,0,0,0,0,7.35000000000002,0,0,0,0
2021-10-02,66.4699799250452,58.536361068078,0.0677025225991628,0.229695258575283,45,2,8,8,9,6.65000000000003,0,0,0,0
2021-10-03,67.9740733718589,57.8216086172782,1.50409344681374,-0.714752450799836,45,0,1,-7,1.5,6.35000000000002,0,0,0,0
2021-10-04,68.9913610492652,58.0638200673567,1.01728767740626,0.242211450078535,50,5,11,10,7.8,7.55000000000001,0,0,0,0
2021-10-05,66.957865113303,58.1283369793014,-2.03349593596218,0.0645169119446933,52,2,9,-2,3.3,5.75,0,0,0,0
2021-10-06,68.2196988273317,57.6838554871615,1.26183371402873,-0.444481492139914,51,-1,0,-9,2.1,6.65000000000003,0,0,0,0
2021-10-07,67.5842511908775,58.0833381206381,-0.635447636454273,0.39948263347658,51,0,1,1,1.4,6.15000000000003,0,0,0,0
2021-10-08,67.0660233564293,57.7608134475923,-0.51822783444814,-0.322524673045706,53,2,10,9,5.8,7.65000000000003,0,0,0,0
2021-10-09,68.7830086267083,58.1962684460327,1.716985270279,0.435454998440399,53,0,4,-6,3.1,10.45,0,0,0,0
2021-10-10,68.0536792571567,59.2161015859652,-0.729329369551607,1.01983313993249,52,-1,1,-3,1.2,9.45000000000005,0,0,0,0
2021-10-11,67.5579427950475,59.4656137146794,-0.495736462109221,0.249512128714137,54,2,7,6,6.5,4.35000000000002,0,0,0,0
2021-10-12,68.477333425044,59.9291157491972,0.919390629996556,0.463502034517795,53,-1,0,-7,1.8,0.650000000000034,0,0,0,0
2021-10-13,68.4150247170728,58.9171508003181,-0.0623087079712263,-1.01196494887908,52,-1,0,0,0.1,0.550000000000011,0,0,0,0
2021-10-14,70.9161969618768,60.2386651660285,2.50117224480398,1.32151436571045,52,0,0,0,5.7,2.75,0,0,0,0
2021-10-15,69.5808980185236,59.9390640455976,-1.33529894335319,-0.299601120430886,59,7,25,25,14.5,4.25,0,0,0,0
2021-10-16,69.9589564997531,60.6912099059763,0.378058481229459,0.752145860378661,57,-2,0,-25,3.1,0.75,0,0,1,1
2021-10-17,71.1096281271045,60.1280369104467,1.15067162735143,-0.563172995529634,56,-1,0,0,0.6,-0.0499999999999545,1,1,1,2
2021-10-18,72.2513575885816,59.5336188878825,1.14172946147714,-0.594418022564192,55,-1,0,0,0,-2.75,1,2,1,3
2021-10-19,73.1094178960224,59.8142938750729,0.858060307440752,0.280674987190451,54,-1,0,0,9.1,0.0500000000000114,0,0,1,4
2021-10-20,73.675549944042,60.7487546013192,0.566132048019639,0.934460726246229,68,14,44,44,25.2,4.25,0,0,0,0
2021-10-21,74.0338681976015,61.9495433222784,0.358318253559503,1.20078872095926,70,2,18,-26,12.1,3.55000000000001,0,0,1,1
2021-10-22,74.8647673197412,62.9230425320277,0.830899122139712,0.973499209749328,66,-4,0,-18,3.1,-1.34999999999997,1,1,1,2
2021-10-23,77.2316930534855,63.6794937141414,2.3669257337443,0.756451182113651,63,-3,0,0,0,0.0500000000000114,0,0,1,3
2021-10-24,77.3780868961297,65.711779435617,0.146393842644187,2.03228572147564,60,-3,0,0,0.4,0.950000000000045,0,0,0,0
2021-10-25,78.010306281563,65.4743072712205,0.632219385433316,-0.237472164396536,62,2,9,9,0.6,4.25,0,0,0,0
2021-10-26,78.4559904269661,66.2523381988115,0.445684145403078,0.77803092759099,67,5,21,12,11.4,3.65000000000003,0,0,0,0
2021-10-27,80.7618312830875,68.0016911173222,2.30584085612138,1.74935291851067,71,4,21,0,15.6,2.95000000000005,0,0,0,0
2021-10-28,82.007533542395,67.9325115378286,1.24570225930755,-0.0691795794935786,70,-1,10,-11,2.8,6.45000000000005,0,0,0,0
2021-10-29,82.0672434206684,70.5227478531149,0.0597098782733383,2.59023631528628,75,5,26,16,21.6,7.45000000000005,0,0,0,0
2021-10-30,82.7553490810206,71.6131786111257,0.688105660352235,1.09043075801083,69,-6,0,-26,0,7.75,0,0,0,0
2021-10-31,85.7714793800613,73.7271034289036,3.01613029904067,2.11392481777797,66,-3,1,1,1.8,5.65000000000003,0,0,0,0
2021-11-01,87.3489993456892,75.7790085597292,1.57751996562796,2.05190513082553,63,-3,1,0,2.2,4.05000000000001,0,0,0,0
2021-11-02,89.046129772616,76.4904544609437,1.69713042692672,0.71144590121456,61,-2,0,-1,0.1,5.15000000000003,0,0,0,0
2021-11-03,91.4278941134917,77.5567067378255,2.38176434087575,1.06625227688178,59,-2,0,0,0,3.75,0,0,0,0
2021-11-04,93.2596149105809,78.9457643492483,1.83172079708923,1.38905761142276,58,-1,0,0,0.1,0.850000000000023,0,0,1,1
2021-11-05,93.3479515585058,80.525713483267,0.0883366479249048,1.57994913401873,57,-1,0,0,0.5,-0.449999999999989,1,1,1,2
2021-11-06,96.6251344978475,81.5052982752464,3.27718293934167,0.97958479197942,56,-1,0,0,7.3,0.350000000000023,0,0,1,3
2021-11-07,98.0746226686455,83.2876129358558,1.44948817079802,1.78231466060934,56,0,0,0,5.2,-0.649999999999977,1,1,1,4
2021-11-08,99.6082321696199,84.4389397491896,1.53360950097436,1.15132681333381,55,-1,0,0,1.2,-0.75,1,2,1,5
2021-11-09,101.084237520314,86.20364054156,1.47600535069401,1.76470079237045,54,-1,0,0,11.4,0.25,0,0,1,6
2021-11-10,101.521543121351,87.9177876019978,0.43730560103667,1.71414706043777,57,3,7,7,2.8,3.15000000000003,0,0,0,0
2021-11-11,103.656498362719,89.1358929074511,2.13495524136836,1.21810530545326,56,-1,0,-7,7.9,0.850000000000023,0,0,1,1
2021-11-12,105.972696668522,88.9300994618679,2.31619830580323,-0.205793445583154,55,-1,0,0,3.7,-0.149999999999977,1,1,1,2
2021-11-13,106.150071035909,90.2943629292977,0.17737436738652,1.36426346742981,55,0,0,0,1.6,-0.349999999999966,1,2,0,0
2021-11-14,108.76537440947,91.3714595545543,2.61530337356174,1.0770966252566,54,-1,0,0,0,-0.75,1,3,1,1
2021-11-15,109.787814364385,92.2703960166071,1.02243995491416,0.898936462052774,54,0,0,0,0,0.75,0,0,1,2
2021-11-16,110.775320546156,93.8693473675704,0.987506181771636,1.5989513509633,53,-1,0,0,5.4,2.45000000000005,0,0,0,0
2021-11-17,111.251877423448,95.5202974559578,0.476556877291984,1.65095008838739,56,3,9,9,4.3,3.15000000000003,0,0,1,1
2021-11-18,113.047499168527,95.6459051580465,1.79562174507892,0.125607702088701,56,0,0,-9,3.6,-0.649999999999977,1,1,1,2
2021-11-19,113.217791115486,97.4179870703136,0.170291946958898,1.77208191226708,55,-1,0,0,14.3,3.05000000000001,0,0,1,3
2021-11-20,116.040135116554,98.8082052387824,2.82234400106773,1.39021816846878,55,0,0,0,6.8,1.85000000000002,0,0,1,4
2021-11-21,118.150144190052,100.959496976208,2.11000907349847,2.15129173742557,54,-1,0,0,3.5,-1.34999999999997,1,1,1,5
2021-11-22,120.516371690247,102.40812166602,2.36622750019507,1.44862468981181,54,0,0,0,0.9,-3.94999999999999,1,2,1,6
2021-11-23,120.71828845424,105.084517048928,0.201916763993196,2.67639538290794,53,-1,0,0,1,0.450000000000045,0,0,1,7
2021-11-24,123.644354846445,106.319642020107,2.92606639220452,1.23512497117937,53,0,0,0,0,2.15000000000003,0,0,1,8
2021-11-25,127.60194092223,107.669490777269,3.95758607578492,1.34984875716162,53,0,0,0,9.6,-0.649999999999977,1,1,1,9
2021-11-26,128.419568342142,109.625947201714,0.817627419911574,1.95645642444569,52,-1,0,0,0.8,-5.34999999999997,1,2,0,0
2021-11-27,130.349156580302,110.163388416901,1.92958823816076,0.537441215186476,52,0,0,0,0.3,-7.04999999999995,1,3,0,0
2021-11-28,131.371835463435,110.821847739387,1.02267888313227,0.658459322486237,52,0,0,0,1.6,-8.34999999999997,1,4,0,0
2021-11-29,131.813339515557,110.243817350108,0.441504052122497,-0.578030389278752,52,0,0,0,0.1,-11.85,1,5,0,0
2021-11-30,131.851222497723,111.756979127647,0.0378829821662237,1.5131617775387,52,0,0,0,4.4,-8.64999999999998,1,6,0,0
2021-12-01,133.250062637664,111.368375787239,1.39884013994026,-0.388603340407784,51,-1,0,0,0.3,-9.54999999999995,1,7,0,0
2021-12-02,132.840332977253,111.351424520514,-0.409729660411017,-0.0169512667251013,51,0,0,0,0,-10.95,1,8,0,0
2021-12-03,133.602371557755,112.182158497235,0.762038580502804,0.830733976720964,51,0,0,0,0.3,-8.64999999999998,1,9,0,0
2021-12-04,134.135055733311,113.091370998026,0.532684175555772,0.909212500790559,51,0,0,0,3,-9.64999999999998,1,10,0,0
2021-12-05,134.006171412548,113.858552653884,-0.128884320762865,0.767181655858096,51,0,0,0,0,-8.75,1,11,0,0
2021-12-06,133.504148250276,114.4205012839,-0.502023162272565,0.561948630016161,51,0,0,0,0,-10.05,1,12,0,0
2021-12-07,132.917415901303,114.714014707165,-0.586732348973101,0.293513423264699,51,0,0,0,0,-9.25,1,13,0,0
2021-12-08,132.534404020438,114.675890742768,-0.383011880864757,-0.0381239643962346,51,0,0,0,0,-7.14999999999998,1,14,0,0
2021-12-09,132.643542262491,114.242927209802,0.109138242052723,-0.432963532966639,50,-1,0,0,0,-7.44999999999999,1,15,0,0
2021-12-10,133.53326028227,113.351921927355,0.889718019779167,-0.891005282446571,50,0,0,0,0,-5.14999999999998,1,16,0,0
2021-12-11,134.788387453792,112.452058244961,1.25512717152196,-0.899863682393843,50,0,0,0,0,-6.34999999999997,1,17,0,0
2021-12-12,134.377246414251,113.070481063706,-0.411141039540297,0.61842281874425,50,0,0,0,2.4,-3.94999999999999,1,18,0,0
2021-12-13,133.854911096523,113.806452456663,-0.522335317728022,0.735971392957126,50,0,0,0,4.5,-0.949999999999989,1,19,1,1
2021-12-14,133.969445944135,114.071869616334,0.114534847611452,0.265417159670832,50,0,0,0,4.5,0.0500000000000114,0,0,1,2
2021-12-15,134.967689431689,113.724683657629,0.998243487553879,-0.347185958704216,50,0,0,0,23.4,0.650000000000034,0,0,0,0
2021-12-16,136.15466917526,112.803435249717,1.18697974357099,-0.921248407912444,50,0,0,0,7.4,1.65000000000003,0,0,0,0
2021-12-17,135.39855056131,112.240499380702,-0.756118613949667,-0.562935869015206,50,0,0,0,1,1.05000000000001,0,0,0,0
2021-12-18,136.531957983479,112.971623832033,1.13340742216869,0.731124451331425,49,-1,0,0,0,3.45000000000005,0,0,0,0
2021-12-19,137.403326858779,113.346529214043,0.871368875300476,0.374905382009857,49,0,0,0,0.5,1.95000000000005,0,0,1,1
2021-12-20,138.864841760898,113.597325877866,1.46151490211895,0.250796663823351,49,0,0,0,0.2,-4.84999999999997,1,1,1,2
2021-12-21,141.97205463254,114.050515050394,3.10721287164182,0.453189172527885,49,0,0,0,0,-6.94999999999999,1,2,0,0
2021-12-22,143.576498392945,113.960885087006,1.60444376040519,-0.0896299633880062,49,0,0,0,0,-4.75,1,3,0,0
2021-12-23,143.584803634032,114.505257142606,0.00830524108675945,0.544372055599766,49,0,0,0,0.6,-4.14999999999998,1,4,0,0
2021-12-24,144.774130025097,114.787610214423,1.18932639106478,0.282353071816573,49,0,0,0,1,-8.34999999999997,1,5,0,0
2021-12-25,145.603440727631,115.188584617945,0.829310702534258,0.400974403522127,49,0,0,0,0.5,-11.65,1,6,0,0
2021-12-26,145.66076816172,115.630494499475,0.057327434089359,0.44190988153062,48,-1,0,0,0.1,-7.04999999999995,1,7,0,0
2021-12-27,145.180804747877,115.77013956311,-0.479963413843024,0.139645063635115,48,0,0,0,0,-7.84999999999997,1,8,0,0
2021-12-28,144.897502067275,115.393165908249,-0.283302680601849,-0.376973654861118,48,0,0,0,0,-7.25,1,9,0,0
2021-12-29,145.842462090275,114.937951517194,0.944960022999311,-0.455214391055591,48,0,0,0,0.4,-6.04999999999995,1,10,0,0
2021-12-30,144.076597544277,115.332894196879,-1.76586454599803,0.394942679685371,48,0,0,0,6.8,-3.04999999999995,1,11,1,1
2021-12-31,141.534194351376,116.178038834836,-2.54240319290062,0.845144637957247,48,0,0,0,13.1,1.85000000000002,0,0,1,2
2022-01-01,144.628620482712,115.742812462089,3.09442613133618,-0.435226372747678,48,0,0,0,1.8,0.650000000000034,0,0,0,0
2022-01-02,143.874641639271,116.310192361782,-0.753978843440763,0.567379899693478,48,0,0,0,15.7,0.0500000000000114,0,0,0,0
2022-01-03,143.355380641925,115.472154168167,-0.519260997346009,-0.838038193615134,48,0,0,0,2.5,1.15000000000003,0,0,1,1
2022-01-04,143.778255242925,115.58011639844,0.422874600999791,0.107962230273074,48,0,0,0,13.4,-3.04999999999995,1,1,1,2
2022-01-05,144.491267968165,115.885331596386,0.713012725239565,0.305215197946325,48,0,0,0,5.6,-4.75,1,2,0,0
2022-01-06,144.387534446267,115.335633717249,-0.103733521897681,-0.549697879136858,47,-1,0,0,0.3,-6.14999999999998,1,3,0,0
2022-01-07,142.096552262432,115.674468845043,-2.29098218383467,0.338835127793246,47,0,0,0,2.2,-8.44999999999999,1,4,0,0
2022-01-08,142.870364966311,115.752315074732,0.773812703878036,0.0778462296892712,47,0,0,0,0.2,-5.64999999999998,1,5,0,0
2022-01-09,144.353848780146,115.862420803569,1.48348381383579,0.110105728837127,47,0,0,0,0.6,-6.54999999999995,1,6,0,0
2022-01-10,143.600258601762,116.39412513707,-0.753590178384229,0.531704333500457,47,0,0,0,0.3,-5.25,1,7,0,0
2022-01-11,143.843738565822,116.217375452549,0.243479964059532,-0.176749684520701,47,0,0,0,1.4,-3.14999999999998,1,8,0,0
2022-01-12,144.579542404874,116.030089000185,0.735803839052807,-0.187286452364134,47,0,0,0,3,-0.549999999999955,1,9,1,1
2022-01-13,145.364541334994,116.004979488117,0.784998930119599,-0.0251095120680134,47,0,0,0,14.7,2.95000000000005,0,0,1,2
2022-01-14,146.149547877578,116.016379832516,0.785006542584455,0.0114003443993909,47,0,0,0,16.4,1.55000000000001,0,0,1,3
2022-01-15,146.885374554026,115.938622949554,0.735826676447175,-0.0777568829618787,47,0,0,0,0.5,-3.94999999999999,1,1,1,4
2022-01-16,147.522833885734,115.646041755402,0.637459331707987,-0.292581194151794,47,0,0,0,0.8,-1.44999999999999,1,2,0,0
2022-01-17,147.40957230065,115.365552446249,-0.113261585083961,-0.28048930915314,47,0,0,0,10.9,-3.64999999999998,1,3,0,0
2022-01-18,145.712022717447,115.875840379439,-1.69754958320226,0.510287933190142,46,-1,0,0,0,-2.94999999999999,1,4,1,1
2022-01-19,146.588367900083,115.75896665518,0.876345182636044,-0.116873724259065,46,0,0,0,4.7,0.950000000000045,0,0,1,2
2022-01-20,145.914674343201,115.941918936797,-0.673693556882427,0.182952281616579,46,0,0,0,8,-5.34999999999997,1,1,1,3
2022-01-21,146.121366331686,116.216586971374,0.20669198848546,0.274668034577118,46,0,0,0,0,-6.04999999999995,1,2,1,4
2022-01-22,146.308058719221,115.197851655148,0.186692387534379,-1.01873531622611,46,0,0,0,0,0.350000000000023,0,0,1,5
2022-01-23,144.536222975446,115.992474285368,-1.77183574377483,0.794622630219749,46,0,0,0,0,1.95000000000005,0,0,0,0
2022-01-24,146.805523224424,116.255990942145,2.26930024897769,0.263516656776872,46,0,0,0,1.9,1.95000000000005,0,0,1,1
2022-01-25,147.618409132877,116.608218766547,0.812885908452984,0.352227824402163,46,0,0,0,7.1,-0.649999999999977,1,1,1,2
2022-01-26,146.70017484295,115.485251403686,-0.918234289926261,-1.122967362861,46,0,0,0,4.8,-0.949999999999989,1,2,0,0
2022-01-27,148.145728380304,116.12347086776,1.44555353735387,0.638219464074169,46,0,0,0,5.3,-0.75,1,3,0,0
2022-01-28,146.362703778695,116.041137027079,-1.78302460160901,-0.0823338406812439,46,0,0,0,1.1,-2.44999999999999,1,4,0,0
2022-01-29,147.681888365268,117.118394463423,1.31918458657302,1.07725743634427,46,0,0,0,10,-2.34999999999997,1,5,0,0
2022-01-30,146.858457926894,116.29596114243,-0.823430438373975,-0.822433320993071,46,0,0,0,16,-1.44999999999999,1,6,0,0
2022-01-31,146.92986019841,115.998795156702,0.0714022715156375,-0.29716598572827,46,0,0,0,0.1,-7.04999999999995,1,7,0,0
2022-02-01,147.22350792995,115.525227526115,0.293647731539892,-0.47356763058707,46,0,0,0,0,-7.25,1,8,0,0
2022-02-02,147.329789869396,116.239116305493,0.106281939445978,0.713888779378934,45,-1,0,0,5.3,-5.64999999999998,1,9,0,0
2022-02-03,147.073755511785,115.874628128482,-0.256034357610702,-0.36448817701158,45,0,0,0,1.8,-5.14999999999998,1,10,0,0
2022-02-04,153.176895730993,115.884084508017,6.10314021920817,0.00945637953486767,45,0,0,0,6.9,-1.75,1,11,0,0
2022-02-05,148.580982589261,116.078518455316,-4.59591314173207,0.194433947299217,45,0,0,0,10.1,-4.25,1,12,0,0
2022-02-06,147.646330400762,116.346380992532,-0.934652188499229,0.267862537215649,45,0,0,0,6.9,-4.25,1,13,0,0
2022-02-07,147.007779939512,116.797525920194,-0.638550461250276,0.451144927662313,45,0,0,0,7.1,-4.44999999999999,1,14,0,0
2022-02-08,147.78002376867,116.209774286042,0.772243829158668,-0.587751634152411,45,0,0,0,5.1,-2.25,1,15,0,0
2022-02-09,146.842950793999,115.95993837379,-0.937072974671565,-0.249835912251314,45,0,0,0,22.2,-2.44999999999999,1,16,0,0
2022-02-10,146.356032145195,116.145418078633,-0.486918648803851,0.185479704842891,45,0,0,0,10.6,-4.04999999999995,1,17,0,0
2022-02-11,147.91422369794,116.372554699559,1.55819155274503,0.227136620925449,45,0,0,0,1.4,-5.64999999999998,1,18,0,0
2022-02-12,146.108806316826,116.54206804379,-1.80541738111401,0.169513344231305,45,0,0,0,1,-4.54999999999995,1,19,0,0
2022-02-13,143.980842418776,116.74426881907,-2.1279638980499,0.202200775280119,45,0,0,0,9.7,-0.649999999999977,1,20,0,0
2022-02-14,142.66048335768,116.991727366095,-1.32035906109573,0.247458547025374,44,-1,0,0,3.6,-0.349999999999966,1,21,0,0
2022-02-15,142.037407859466,117.267905264856,-0.623075498214433,0.27617789876092,44,0,0,0,0,-2.84999999999997,1,22,0,0
2022-02-16,142.00129465006,117.556264095343,-0.0361132094057268,0.288358830486828,44,0,0,0,0,-3.84999999999997,1,23,0,0
2022-02-17,142.44182245539,117.840265437546,0.440527805330163,0.284001342203041,44,0,0,0,0.3,-4.34999999999997,1,24,0,0
2022-02-18,143.248670001384,118.103370871456,0.806847545993321,0.263105433909615,44,0,0,0,0.6,-3.84999999999997,1,25,0,0
2022-02-19,144.311516013967,118.329041977062,1.06284601258375,0.225671105606466,44,0,0,0,0,-6.44999999999999,1,26,0,0
2022-02-20,145.520039219069,118.500740334356,1.20852320510141,0.171698357293707,44,0,0,0,0,-5.94999999999999,1,27,0,0
2022-02-21,146.763918342615,118.601927523327,1.24387912354635,0.101187188971224,44,0,0,0,1.2,-5.25,1,28,0,0
2022-02-22,147.932832110534,118.616065123966,1.16891376791855,0.0141376006390885,44,0,0,0,0,-5.75,1,29,0,0
2022-02-23,148.916459248752,118.526614716264,0.983627138218054,-0.0894504077027136,44,0,0,0,3.8,-4.84999999999997,1,30,0,0
2022-02-24,149.604478483197,118.317037880209,0.688019234444766,-0.209576836054197,44,0,0,0,6.7,-2.75,1,31,0,0
2022-02-25,149.886568539795,117.970796195794,0.282090056598776,-0.346241684415304,44,0,0,0,3.7,-4.04999999999995,1,32,0,0
2022-02-26,149.652408144475,117.471351243008,-0.234160395320004,-0.499444952786163,44,0,0,0,0.3,-5.75,1,33,0,0
2022-02-27,148.791676023164,116.802164601841,-0.860732121311429,-0.66918664116659,44,0,0,0,0,-1.04999999999995,1,34,0,0
2022-02-28,147.58744573413,115.994825382672,-1.20423028903437,-0.807339219169066,44,0,0,0,0,-1.84999999999997,1,35,0,0
2022-03-01,147.388184310787,115.569131818434,-0.199261423342108,-0.425693564237832,44,0,0,0,1.1,-0.75,1,36,0,0
2022-03-02,147.748102989562,116.240650686222,0.359918678774051,0.671518867787398,44,0,0,0,3.3,-1.25,1,37,0,0
2022-03-03,147.82473068109,116.130221962438,0.0766276915289552,-0.110428723783429,44,0,0,0,0,-2.34999999999997,1,38,0,0
2022-03-04,148.458866422242,116.227290287019,0.634135741151368,0.0970683245805901,44,0,0,0,0,-5.44999999999999,1,39,0,0
2022-03-05,148.050205572249,115.64864496966,-0.408660849992401,-0.578645317358863,43,-1,0,0,0,-6.14999999999998,1,40,0,0
2022-03-06,147.941904940903,116.172147782911,-0.108300631346452,0.523502813250417,43,0,0,0,0,-4.25,1,41,0,0
2022-03-07,148.206038686896,116.189486573338,0.264133745992638,0.0173387904278854,43,0,0,0,0,-3.25,1,42,0,0
2022-03-08,148.721843254255,115.643213777852,0.515804567359453,-0.546272795486303,43,0,0,0,0,-4.94999999999999,1,43,0,0
2022-03-09,148.203326420742,116.433685959112,-0.518516833512734,0.790472181259759,43,0,0,0,0,-2.14999999999998,1,44,1,1
2022-03-10,146.847061225647,117.067762820934,-1.35626519509546,0.634076861822479,43,0,0,0,0,0.650000000000034,0,0,1,2
2022-03-11,148.179903846418,116.707791702518,1.33284262077086,-0.359971118416183,43,0,0,0,0,0.450000000000045,0,0,1,3
2022-03-12,148.013346414021,116.828675008086,-0.166557432396559,0.120883305567489,43,0,0,0,0,-0.849999999999966,1,1,1,4
2022-03-13,148.906286822981,116.523784796414,0.892940408959873,-0.304890211671747,43,0,0,0,0,-0.149999999999977,1,2,1,5
2022-03-14,148.630965058746,116.88796062126,-0.275321764234945,0.364175824846555,43,0,0,0,0,0.450000000000045,0,0,1,6
2022-03-15,148.044698033228,116.881532416512,-0.586267025518225,-0.00642820474820383,43,0,0,0,0,0.550000000000011,0,0,1,7
2022-03-16,148.003089569734,116.737819041438,-0.0416084634942138,-0.143713375074015,43,0,0,0,0,-0.75,1,1,1,8
2022-03-17,148.235104526897,116.950846060193,0.232014957163557,0.213027018754914,43,0,0,0,0,1.05000000000001,0,0,1,9
2022-03-18,148.451577019384,116.980348571769,0.21647249248727,0.0295025115759273,43,0,0,0,4.9,-1.04999999999995,1,1,1,10
2022-03-19,148.337245590297,116.736897555217,-0.114331429087486,-0.243451016551575,43,0,0,0,0.2,-1.44999999999999,1,2,1,11
2022-03-20,147.559328389325,115.588274114315,-0.77791720097153,-1.14862344090287,43,0,0,0,0,0.650000000000034,0,0,1,12
2022-03-21,148.907320723673,116.665420355826,1.34799233434802,1.07714624151141,43,0,0,0,0,1.55000000000001,0,0,1,13
2022-03-22,147.57918622365,116.797307281736,-1.32813450002391,0.131886925909711,43,0,0,0,0.1,-0.75,1,1,1,14
2022-03-23,147.318010791937,115.659957468649,-0.261175431712758,-1.13734981308653,43,0,0,0,0,-3.04999999999995,1,2,1,15
2022-03-24,148.435872025382,116.644451754826,1.1178612334455,0.984494286177011,43,0,0,0,0.1,1.25,0,0,1,16
2022-03-25,147.444628289924,117.140762836075,-0.991243735457942,0.496311081249004,43,0,0,0,0,3.05000000000001,0,0,0,0
2022-03-26,147.952768359037,116.750363570517,0.50814006911213,-0.390399265558202,43,0,0,0,1.2,1.05000000000001,0,0,0,0
2022-03-27,146.866649593234,116.866479321045,-1.08611876580227,0.116115750527911,43,0,0,0,0,0.550000000000011,0,0,0,0
2022-03-28,146.362450216513,116.926398663028,-0.50419937672126,0.0599193419828197,42,-1,0,0,0.7,2.05000000000001,0,0,1,1
2022-03-29,146.135164296417,116.592912350751,-0.227285920095937,-0.333486312276293,42,0,0,0,0,-3.04999999999995,1,1,1,2
2022-03-30,147.017989950755,116.391701463832,0.882825654337609,-0.20121088691954,42,0,0,0,0.1,-6.54999999999995,1,2,0,0
2022-03-31,146.108687036301,116.465912547195,-0.909302914454003,0.074211083362826,42,0,0,0,0,-7.84999999999997,1,3,0,0
2022-04-01,147.235520762045,116.234408334809,1.12683372574469,-0.231504212385644,42,0,0,0,0,-7.04999999999995,1,4,0,0
2022-04-02,147.489641544913,116.280114489604,0.254120782867631,0.0457061547952264,42,0,0,0,0,-7.34999999999997,1,5,0,0
2022-04-03,147.099321604528,116.496583451536,-0.3903199403847,0.216468961931241,42,0,0,0,0,-4.04999999999995,1,6,0,0
2022-04-04,148.408810443682,116.610631087631,1.30948883915374,0.114047636095691,42,0,0,0,7.3,-2.04999999999995,1,7,0,0
2022-04-05,146.577769390786,116.805615122994,-1.83104105289604,0.194984035363149,42,0,0,0,0.4,-4.75,1,8,0,0
2022-04-06,147.032852785637,117.023128846332,0.455083394850817,0.217513723337163,42,0,0,0,0,-7.34999999999997,1,9,0,0
2022-04-07,146.960051944844,116.66954278582,-0.0728008407923539,-0.353586060511276,42,0,0,0,0,-6.14999999999998,1,10,0,0
2022-04-08,146.136724743523,117.63892121262,-0.823327201321064,0.969378426799352,42,0,0,0,0,-5.75,1,11,0,0
2022-04-09,147.446479124216,117.06094351702,1.30975438069223,-0.577977695600055,42,0,0,0,0,-4.84999999999997,1,12,0,0
2022-04-10,148.293502456672,116.769453058507,0.847023332456331,-0.291490458513096,42,0,0,0,0,-2.34999999999997,1,13,0,0
2022-04-11,148.36555691579,117.13455393689,0.0720544591175951,0.365100878383316,42,0,0,0,0,-2.75,1,14,0,0
2022-04-12,147.303603996953,116.606760051872,-1.06195291883674,-0.527793885017658,42,0,0,0,0,-3.44999999999999,1,15,0,0
2022-04-13,146.724343208819,117.263252842114,-0.579260788133837,0.656492790241913,42,0,0,0,0,-0.75,1,16,1,1
2022-04-14,147.587931466248,117.377255033257,0.863588257429285,0.11400219114266,42,0,0,0,0.9,0.150000000000034,0,0,1,2
2022-04-15,147.180697659211,117.55688947301,-0.407233807037443,0.179634439753443,42,0,0,0,0,0.650000000000034,0,0,0,0
2022-04-16,145.748392428178,118.55712426227,-1.43230523103276,1.00023478925952,42,0,0,0,0,0.950000000000045,0,0,0,0
2022-04-17,144.681963975469,118.456128530691,-1.06642845270943,-0.100995731578735,42,0,0,0,0,1.65000000000003,0,0,0,0
2022-04-18,145.327495094741,117.451200140077,0.645531119272448,-1.00492839061363,42,0,0,0,0,3.65000000000003,0,0,0,0
2022-04-19,146.798390761176,116.559029560959,1.47089566643518,-0.892170579118044,42,0,0,0,0,4.35000000000002,0,0,0,0
2022-04-20,144.656401844318,116.494647332063,-2.14198891685794,-0.0643822288961928,42,0,0,0,0,3.75,0,0,0,0
2022-04-21,146.647546635893,116.555710157979,1.99114479157464,0.0610628259161814,42,0,0,0,0,5.15000000000003,0,0,0,0
2022-04-22,145.242375283717,117.349971578946,-1.40517135217613,0.794261420966379,42,0,0,0,0,5.85000000000002,0,0,0,0
2022-04-23,146.673626198841,116.323210489165,1.43125091512377,-1.02676108978116,43,1,2,2,0,5.95000000000005,0,0,0,0
2022-04-24,145.032710615875,117.604403708151,-1.6409155829659,1.2811932189867,44,1,3,1,0,4.15000000000003,0,0,0,0
2022-04-25,144.564395323159,117.27052325548,-0.468315292715602,-0.333880452671593,44,0,0,-3,0,2.15000000000003,0,0,0,0
2022-04-26,143.261572528195,117.277478372764,-1.30282279496433,0.00695511728453369,45,1,2,2,0,3.05000000000001,0,0,0,0
2022-04-27,143.878476363396,117.225728674775,0.616903835201526,-0.0517496979888819,45,0,0,-2,0,0.850000000000023,0,0,0,0
2022-04-28,145.089263298044,117.497533179405,1.21078693464739,0.271804504629287,45,0,0,0,0.1,1.15000000000003,0,0,0,0
2022-04-29,144.442227832719,117.194427186704,-0.647035465324677,-0.303105992700182,45,0,0,0,0.8,0.150000000000034,0,0,0,0
2022-04-30,144.872130939604,118.195450467026,0.429903106884836,1.00102328032125,44,-1,0,0,0,0.950000000000045,0,0,0,0
2022-05-01,144.772916237944,117.425054083692,-0.0992147016595197,-0.770396383333519,44,0,0,0,0,0.450000000000045,0,0,0,0
2022-05-02,144.904887484534,117.713666809492,0.131971246589245,0.288612725799609,44,0,0,0,0,2.05000000000001,0,0,0,0
2022-05-03,144.210111752803,117.768479825906,-0.69477573173026,0.0548130164144141,44,0,0,0,0,0.0500000000000114,0,0,0,0
2022-05-04,144.126947457252,117.536242538346,-0.0831642955514838,-0.232237287560608,44,0,0,0,0,0.450000000000045,0,0,0,0
2022-05-05,145.394910918365,118.010833176099,1.26796346111303,0.474590637753252,45,1,2,2,0.5,2.35000000000002,0,0,0,0
2022-05-06,143.980287062181,118.042843128345,-1.41462385618337,0.0320099522465966,46,1,2,0,0.1,2.85000000000002,0,0,0,0
2022-05-07,144.027870032312,118.629762553345,0.047582970130378,0.586919424999323,52,6,15,13,4.9,3.35000000000002,0,0,1,1
2022-05-08,144.561864061279,118.72330868138,0.533994028967442,0.0935461280353138,51,-1,0,-15,0,-0.549999999999955,1,1,1,2
2022-05-09,144.744018648344,118.272202133266,0.182154587064275,-0.45110654811387,51,0,1,1,0,2.75,0,0,1,3
2022-05-10,144.800781305704,118.451693957586,0.056762657360764,0.179491824319825,54,3,13,12,0.2,5.65000000000003,0,0,0,0
2022-05-11,145.094531607362,118.943619166719,0.293750301657582,0.491925209132575,63,9,31,18,8.5,3.35000000000002,0,0,0,0
2022-05-12,143.179267368739,118.411598762031,-1.91526423862325,-0.5320204046876,60,-3,0,-31,13.7,2.15000000000003,0,0,0,0
2022-05-13,145.285664826815,119.079214148387,2.10639745807597,0.667615386356317,59,-1,5,5,1.2,1.85000000000002,0,0,0,0
2022-05-14,144.845428445287,119.638830141418,-0.440236381527313,0.559615993030249,61,2,13,8,2.8,2.05000000000001,0,0,0,0
2022-05-15,146.733516471917,119.448171566693,1.88808802662939,-0.190658574724608,60,-1,5,-8,0.3,2.55000000000001,0,0,0,0
2022-05-16,145.881878371855,120.069332525951,-0.851638100061763,0.621160959258432,64,4,21,16,0,3.45000000000005,0,0,0,0
2022-05-17,147.246829590794,120.475873956151,1.36495121893955,0.406541430199198,64,0,10,-11,0,5.55000000000001,0,0,0,0
2022-05-18,146.486262372702,121.346880639342,-0.760567218092405,0.871006683191098,66,2,16,6,0,7.95000000000005,0,0,0,0
2022-05-19,146.350572229904,121.689669005711,-0.135690142798154,0.342788366369263,67,1,16,0,0.9,6.55000000000001,0,0,0,0
2022-05-20,146.508711724093,121.438415007567,0.158139494189356,-0.251253998143412,67,0,11,-5,0,6.35000000000002,0,0,0,0
2022-05-21,147.605756015587,122.34909281508,1.09704429149417,0.910677807512073,70,3,23,12,2.8,7.15000000000003,0,0,0,0
2022-05-22,148.786926767295,123.229923457707,1.1811707517073,0.880830642627259,68,-2,10,-13,0.2,4.55000000000001,0,0,0,0
2022-05-23,147.539950497617,123.916652929492,-1.24697626967819,0.686729471785299,69,1,17,7,0,7.35000000000002,0,0,0,0
2022-05-24,148.491086207978,124.928540756505,0.951135710361484,1.01188782701294,74,5,28,11,2.4,6.05000000000001,0,0,0,0
2022-05-25,149.636614674655,125.703011110996,1.14552846667721,0.774470354490489,77,3,28,0,4.8,5.75,0,0,0,0
2022-05-26,151.355766200996,126.890218139807,1.71915152634048,1.18720702881136,76,-1,17,-11,3.2,4.95000000000005,0,0,0,0
2022-05-27,151.821536239886,128.2159930062,0.465770038890042,1.32577486639283,72,-4,8,-9,0.7,3.05000000000001,0,0,0,0
2022-05-28,152.807998414162,129.774157188747,0.986462174276454,1.55816418254699,69,-3,8,0,0.2,3.65000000000003,0,0,0,0
2022-05-29,153.919891652221,131.362384978851,1.11189323805829,1.58822779010401,67,-2,7,-1,0,4.15000000000003,0,0,0,0
2022-05-30,154.699042702647,132.417612371698,0.779151050426407,1.05522739284757,64,-3,4,-3,0.1,2.35000000000002,0,0,0,0
2022-05-31,157.252473138602,133.871720081412,2.55343043595494,1.45410770971355,65,1,13,9,0,6.75,0,0,0,0
2022-06-01,158.365832886348,135.787333801893,1.11335974774588,1.91561372048079,68,3,18,5,0.2,7.85000000000002,0,0,0,0
2022-06-02,159.095709897493,137.205642488406,0.729877011145589,1.41830868651346,74,6,33,15,2.9,7.35000000000002,0,0,0,0
2022-06-03,161.086817401638,139.655098612042,1.99110750414434,2.4494561236362,74,0,18,-15,1.3,5.95000000000005,0,0,0,0
2022-06-04,162.719521852875,141.0351805201,1.6327044512372,1.38008190805769,72,-2,10,-8,0.1,6.05000000000001,0,0,0,0
2022-06-05,164.550391902409,143.025453021266,1.83087004953364,1.99027250116646,71,-1,14,4,0,7.35000000000002,0,0,0,0
2022-06-06,166.927666621896,145.167976114026,2.37727471948767,2.14252309275921,71,0,14,0,0,8.05000000000001,0,0,0,0
2022-06-07,168.834722797925,147.069674313898,1.90705617602833,1.90169819987227,75,4,26,12,0,12.25,0,0,0,0
2022-06-08,172.092559591503,149.850849096933,3.25783679357849,2.78117478303463,77,2,26,0,0,12.25,0,0,0,0
2022-06-09,172.421458811331,151.389392234068,0.328899219827946,1.53854313713549,78,1,23,-3,0,9.85000000000002,0,0,0,0
2022-06-10,176.213573237038,154.0508974095,3.79211442570735,2.66150517543187,79,1,23,0,0,11.45,0,0,0,0
2022-06-11,177.20438875778,156.16270476528,0.990815520741194,2.11180735577963,80,1,23,0,0.8,9.85000000000002,0,0,0,0
2022-06-12,178.29029960921,158.680839866285,1.08591085143092,2.51813510100567,88,8,47,24,11.7,7.35000000000002,0,0,0,0
2022-06-13,180.647693476658,161.909221246964,2.3573938674478,3.22838138067902,87,-1,25,-22,1.7,5.55000000000001,0,0,0,0
2022-06-14,184.026276216589,165.682544066198,3.37858273993106,3.77332281923353,82,-5,12,-13,0.7,5.85000000000002,0,0,0,0
2022-06-15,188.17575368547,169.835503482867,4.14947746888089,4.1529594166694,78,-4,11,-1,0,6.25,0,0,0,0
2022-06-16,192.845831739767,174.202794655854,4.67007805429719,4.36729117298651,76,-2,15,4,1,8.95000000000005,0,0,0,0
2022-06-17,197.786216235947,178.619112744039,4.94038449618003,4.41631808818494,76,0,0,-15,0.1,8.95000000000005,0,0,0,0
2022-06-18,202.746613030477,182.919152906303,4.96039679452935,4.30004016226462,75,-1,0,0,3.8,8.05000000000001,0,0,0,0
2022-06-19,207.476727979822,186.937610301529,4.73011494934519,4.0184573952256,75,0,13,13,1.8,4.05000000000001,0,0,0,0
2022-06-20,211.726266940449,190.509180088597,4.24953896062755,3.57156978706783,74,-1,13,0,0,7.75,0,0,0,0
2022-06-21,215.244935768826,193.468557426388,3.51866882837638,2.95937733779141,74,0,18,5,0,10.55,0,0,0,0
2022-06-22,218.353177334406,196.240077018975,3.10824156558027,2.77151959258711,73,-1,12,-6,0.3,7.35000000000002,0,0,0,0
2022-06-23,222.550198515729,200.22167490827,4.19702118132312,3.9815978892949,72,-1,15,3,0,8.75,0,0,0,0
2022-06-24,226.358676689505,203.37257813217,3.80847817377588,3.15090322390037,72,0,16,1,0,11.65,0,0,0,0
2022-06-25,230.175676651541,206.929295530472,3.81699996203596,3.55671739830137,74,2,21,5,0,17.35,0,0,0,0
2022-06-26,232.987364528836,209.20192021437,2.81168787729482,2.27262468389856,73,-1,15,-6,0,15.25,0,0,0,0
2022-06-27,234.785417231176,211.306993182617,1.7980527023405,2.10507296824673,73,0,19,4,0.6,14.45,0,0,0,0
2022-06-28,240.213865499857,214.294536916122,5.42844826868108,2.98754373350479,79,6,35,16,6.9,10.05,0,0,0,0
2022-06-29,241.00457717697,217.538299539072,0.790711677112398,3.24376262294987,75,-4,9,-26,0,10.45,0,0,0,0
2022-06-30,245.170291902089,220.298760546778,4.16571472511953,2.76046100770588,73,-2,14,5,0,14.75,0,0,0,0
2022-07-01,247.923364081764,222.528847036765,2.75307217967432,2.23008648998785,73,0,16,2,0,17.05,0,0,0,0
2022-07-02,250.479076808228,224.441426823069,2.55571272646429,1.91257978630372,73,0,18,2,0.4,15.35,0,0,0,0
2022-07-03,253.038307213369,226.882955227485,2.55923040514114,2.44152840441609,71,-2,11,-7,0.9,9.55000000000001,0,0,0,0
2022-07-04,255.935593682132,229.267250399444,2.89728646876259,2.38429517195834,70,-1,12,1,2,7.85000000000002,0,0,0,0
2022-07-05,259.171677535291,231.146476881677,3.2360838531593,1.87922648223358,68,-2,7,-5,0.1,7.35000000000002,0,0,0,0
2022-07-06,261.315019821439,233.394150299127,2.14334228614831,2.24767341744936,66,-2,5,-2,0.3,6.15000000000003,0,0,0,0
2022-07-07,263.909630811729,236.465537541057,2.59461099028948,3.07138724193078,65,-1,7,2,2,6.55000000000001,0,0,0,0
2022-07-08,265.706040375839,238.422145960057,1.79640956410969,1.95660841899942,63,-2,4,-3,0.4,7.25,0,0,0,0
2022-07-09,268.782129724258,240.678301081494,3.07608934841943,2.25615512143756,63,0,9,5,2.2,7.65000000000003,0,0,0,0
2022-07-10,270.376456800351,242.844229900355,1.59432707609318,2.16592881886106,61,-2,2,-7,0.2,5.85000000000002,0,0,0,0
2022-07-11,275.261754191047,244.010051484271,4.88529739069537,1.16582158391515,60,-1,3,1,0,9.05000000000001,0,0,0,0
2022-07-12,274.730327546169,246.235312140765,-0.531426644877513,2.22526065649453,59,-1,5,2,0,12.65,0,0,0,0
2022-07-13,276.311115281092,247.77036064741,1.58078773492326,1.5350485066449,60,1,11,6,2.7,10.95,0,0,0,0
2022-07-14,278.056877109715,249.792300967308,1.74576182862228,2.02194031989757,61,1,9,-2,1.1,7.25,0,0,0,0
2022-07-15,281.06809887644,251.360744780484,3.01122176672533,1.56844381317615,59,-2,2,-7,0.4,5.95000000000005,0,0,0,0
2022-07-16,282.748111176274,252.84700616404,1.68001229983406,1.48626138355581,60,1,7,5,3.7,6.05000000000001,0,0,0,0
2022-07-17,282.997482079687,254.388747714892,0.249370903412625,1.54174155085249,59,-1,4,-3,0.2,7.05000000000001,0,0,0,0
2022-07-18,285.163113724274,255.758418056086,2.16563164458762,1.36967034119354,60,1,9,5,2.8,8.55000000000001,0,0,0,0
2022-07-19,286.749152111834,256.405954267088,1.58603838756022,0.64753621100229,59,-1,2,-7,0,9.55000000000001,0,0,0,0
2022-07-20,287.7508462143,257.847223295417,1.00169410246519,1.44126902832909,57,-2,4,2,0,16.05,0,0,0,0
2022-07-21,290.484066453283,259.952687461335,2.73322023898345,2.10546416591831,63,6,21,17,8,15.25,0,0,0,0
2022-07-22,293.061375957853,260.876146840609,2.57730950456965,0.923459379273709,60,-3,2,-19,0,10.75,0,0,0,0
2022-07-23,292.359163402391,262.238252179323,-0.702212555462097,1.36210533871389,59,-1,3,1,0,13.75,0,0,0,0
2022-07-24,293.769239729817,263.195294543986,1.41007632742657,0.95704236466355,57,-2,2,-1,0,11.25,0,0,0,0
2022-07-25,295.509017288489,264.192314015147,1.73977755867224,0.997019471160456,60,3,15,13,3.9,11.25,0,0,0,0
2022-07-26,296.019908638374,266.078001035874,0.510891349884275,1.88568702072678,66,6,27,12,9.4,10.25,0,0,0,0
2022-07-27,298.286181815676,266.655440375371,2.26627317730237,0.577439339497744,64,-2,5,-22,1.5,7.15000000000003,0,0,0,0
2022-07-28,299.227531593607,268.556675287505,0.94134977793135,1.9012349121341,61,-3,1,-4,0,7.65000000000003,0,0,0,0
2022-07-29,301.536322865576,269.576168351879,2.30879127196886,1.01949306437376,59,-2,2,1,0,10.95,0,0,0,0
2022-07-30,304.007266675028,270.943084428986,2.47094380945146,1.36691607710628,58,-1,3,1,0,13.35,0,0,0,0
2022-07-31,303.832645948204,271.992291981021,-0.174620726823548,1.0492075520358,57,-1,3,0,0.1,12.65,0,0,0,0
2022-08-01,305.878330829255,273.428242521127,2.04568488105048,1.43595054010581,56,-1,1,-2,2.6,9.45000000000005,0,0,0,0
2022-08-02,306.48148095334,274.095787070942,0.603150124085687,0.667544549815148,56,0,1,0,0.3,7.35000000000002,0,0,0,0
2022-08-03,307.175681187129,276.258540908069,0.694200233788649,2.16275383712656,61,5,19,18,8.1,9.95000000000005,0,0,0,0
2022-08-04,310.666117582402,277.879798701205,3.4904363952727,1.62125779313578,70,9,36,17,15.5,10.75,0,0,0,0
2022-08-05,313.174181031891,280.34430619607,2.5080634494891,2.46450749486564,72,2,18,-18,5.5,8.05000000000001,0,0,0,0
2022-08-06,316.247009872564,283.225912915554,3.07282884067359,2.8816067194839,68,-4,2,-16,0.2,6.35000000000002,0,0,0,0
2022-08-07,316.890452361886,285.191480565386,0.643442489321899,1.96556764983148,64,-4,1,-1,1.9,6.35000000000002,0,0,0,0
2022-08-08,322.488486909802,288.782028621664,5.59803454791546,3.59054805627841,64,0,10,9,4,7.95000000000005,0,0,0,0
2022-08-09,323.445524255593,290.869534517864,0.957037345791548,2.08750589620007,61,-3,0,-10,0.2,10.55,0,0,0,0
2022-08-10,327.60223411566,293.814064979169,4.15670986006626,2.94453046130496,59,-2,2,2,0,11.45,0,0,0,0
2022-08-11,330.85633366535,295.820171718415,3.25409954969058,2.00610673924643,57,-2,1,-1,0.1,12.85,0,0,0,0
2022-08-12,331.795353678886,298.353435515612,0.939020013535696,2.53326379719692,56,-1,1,0,0,13.15,0,0,0,0
2022-08-13,334.802419402929,300.193606922218,3.007065724043,1.84017140660541,54,-2,0,-1,0,12.45,0,0,0,0
2022-08-14,337.740153176574,302.193798917231,2.93773377364511,2.00019199501338,53,-1,0,0,0,13.15,0,0,0,0
2022-08-15,340.87087751457,304.50526792237,3.13072433799607,2.31146900513841,52,-1,1,1,0,16.45,0,0,0,0
2022-08-16,342.713466830959,307.103269268835,1.84258931638857,2.59800134646576,51,-1,1,0,0.4,15.85,0,0,0,0
2022-08-17,345.200138052255,308.65848191159,2.48667122129666,1.55521264275444,59,8,29,28,13.7,14.75,0,0,0,0
2022-08-18,349.607333160691,311.368577097126,4.40719510843627,2.71009518553637,58,-1,3,-26,0.1,9.95000000000005,0,0,0,0
2022-08-19,352.003365940888,314.022939154544,2.39603278019604,2.65436205741759,56,-2,0,-3,0,12.95,0,0,0,0
2022-08-20,356.361287287919,317.807201540983,4.35792134703138,3.78426238643942,55,-1,4,4,4,11.95,0,0,0,0
2022-08-21,356.370558525315,320.328895171552,0.00927123739614899,2.52169363056834,56,1,7,3,3.3,10.75,0,0,0,0
2022-08-22,356.596814278177,323.067002903701,0.226255752862244,2.73810773214984,56,0,0,-7,6.1,7.25,0,0,0,0
2022-08-23,358.557024518231,326.486167714729,1.9602102400533,3.41916481102805,56,0,0,0,0,7.75,0,0,0,0
2022-08-24,361.925281608885,330.413947423299,3.36825709065454,3.92777970856923,54,-2,0,0,0,12.75,0,0,0,0
2022-08-25,366.375677913551,334.677899848073,4.45039630466579,4.26395242477406,54,0,0,0,0,14.25,0,0,0,0
2022-08-26,371.582305795638,339.105582807715,5.20662788208705,4.42768295964191,54,0,7,7,4.4,14.15,0,0,0,0
2022-08-27,377.219257618557,343.524554120888,5.63695182291855,4.4189713131733,57,3,13,6,16.9,10.35,0,0,0,0
2022-08-28,382.960625745717,347.762371606256,5.74136812716006,4.23781748536794,55,-2,0,-13,0,7.75,0,0,0,0
2022-08-29,388.480502540528,351.646593082482,5.51987679481158,3.88422147622578,53,-2,0,0,0,9.55000000000001,0,0,0,0
2022-08-30,393.452980366402,355.004776368229,4.9724778258734,3.35818328574709,52,-1,0,0,0,10.75,0,0,0,0
2022-08-31,397.552151586747,357.66447928216,4.09917122034517,2.65970291393165,51,-1,0,0,0,10.35,0,0,0,0
2022-09-01,400.452108564974,359.45325964294,2.89995697822701,1.78878036077947,50,-1,0,0,0,10.55,0,0,0,0
2022-09-02,401.826943664493,360.198675269231,1.37483509951903,0.745415626290708,48,-2,0,0,0,10.35,0,0,0,0
2022-09-03,402.739908811648,360.542792243338,0.912965147154807,0.344116974107408,47,-1,0,0,0,9.65000000000003,0,0,0,0
2022-09-04,406.657023675569,362.816170174454,3.91711486392097,2.27337793111593,46,-1,0,0,0,9.95000000000005,0,0,0,0
2022-09-05,408.544970271531,365.047103206758,1.88794659596266,2.23093303230456,45,-1,0,0,0,10.25,0,0,0,0
2022-09-06,410.237907711838,367.523514616695,1.69293744030665,2.47641140993665,44,-1,0,0,0,10.15,0,0,0,0
2022-09-07,412.374074926895,369.226241334678,2.1361672150573,1.70272671798335,44,0,0,0,0,10.05,0,0,0,0
2022-09-08,414.224016936251,371.135283631614,1.84994200935626,1.9090422969353,43,-1,0,0,0,10.45,0,0,0,0
2022-09-09,417.260604986126,373.256625123276,3.03658804987464,2.12134149166206,42,-1,0,0,0,8.55000000000001,0,0,0,0
2022-09-10,419.426465098207,374.860150856999,2.16586011208068,1.60352573372285,41,-1,0,0,0,6.85000000000002,0,0,0,0
2022-09-11,421.252207741365,376.783447122165,1.82574264315798,1.92329626516624,41,0,0,0,0,8.05000000000001,0,0,0,0
2022-09-12,421.215966587516,377.791160239983,-0.0362411538491756,1.00771311781773,40,-1,0,0,0,8.65000000000003,0,0,0,0
2022-09-13,427.606862285036,381.244595672723,6.39089569751991,3.45343543273992,56,16,45,45,44.7,8.75,0,0,0,0
2022-09-14,432.534818162696,385.505512047056,4.92795587766051,4.26091637433365,67,11,31,-14,14.6,6.35000000000002,0,0,0,0
2022-09-15,436.875486465147,390.703251081606,4.34066830245064,5.1977390345499,63,-4,0,-31,1.8,5.35000000000002,0,0,0,0
2022-09-16,445.087659170729,396.577963028559,8.21217270558219,5.87471194695274,61,-2,0,0,1.9,4.95000000000005,0,0,0,0
2022-09-17,450.65252411851,400.946185920428,5.56486494778068,4.36822289186938,58,-3,0,0,0,5.45000000000005,0,0,0,0
2022-09-18,455.460765323655,405.439512086769,4.80824120514586,4.49332616634086,57,-1,0,0,0,4.45000000000005,0,0,0,0
2022-09-19,461.006618104837,409.492441023931,5.54585278118213,4.05292893716222,55,-2,0,0,0,4.55000000000001,0,0,0,0
2022-09-20,466.681746019653,413.346458010184,5.67512791481511,3.85401698625299,55,0,0,0,0,3.25,0,0,0,0
2022-09-21,469.624601795387,416.78302402573,2.94285577573396,3.4365660155454,53,-2,0,0,0,4.35000000000002,0,0,0,0
2022-09-22,473.853247963595,421.014658954653,4.22864616820885,4.23163492892337,52,-1,0,0,0,7.15000000000003,0,0,0,0
2022-09-23,479.05533944064,424.474410700144,5.20209147704463,3.45975174549056,57,5,13,13,9,7.55000000000001,0,0,0,0
2022-09-24,483.68412622102,427.852210993891,4.62878678037993,3.37780029374761,56,-1,2,-11,3.7,5.25,0,0,0,0
2022-09-25,487.400526624614,430.996680483032,3.71640040359455,3.14446948914059,55,-1,0,-2,0,4.05000000000001,0,0,0,0
2022-09-26,491.507068283487,433.384761393426,4.10654165887223,2.38808091039402,59,4,13,13,6.2,4.05000000000001,0,0,0,0
2022-09-27,495.623422043046,438.795323019467,4.11635375955939,5.41056162604144,62,3,13,0,11.7,4.25,0,0,0,0
2022-09-28,498.913037766951,442.068278088022,3.28961572390517,3.27295506855444,60,-2,0,-13,1.1,6.95000000000005,0,0,0,0
2022-09-29,505.14543269453,445.618315785746,6.23239492757824,3.55003769772463,58,-2,0,0,0,6.45000000000005,0,0,0,0
2022-09-30,509.762125814236,449.337904938953,4.61669311970627,3.71958915320681,57,-1,0,0,0.1,4.65000000000003,0,0,0,0
2022-10-01,512.048829067501,452.954215413565,2.28670325326561,3.61631047461219,56,-1,0,0,0.2,6.05000000000001,0,0,0,0
2022-10-02,514.655382842006,455.642849181622,2.60655377450462,2.68863376805609,57,1,5,5,5.9,5.65000000000003,0,0,0,0
2022-10-03,519.394231596008,459.006138527467,4.73884875400211,3.36328934584537,58,1,5,0,0.5,5.35000000000002,0,0,0,0
2022-10-04,522.128019099684,461.790377739366,2.73378750367544,2.78423921189864,57,-1,0,-5,0,5.95000000000005,0,0,0,0
2022-10-05,526.140947308133,466.027066629335,4.01292820844958,4.2366888899694,64,7,23,23,14.4,6.45000000000005,0,0,0,0
2022-10-06,531.155431051314,470.396231112572,5.01448374318068,4.369164483237,74,10,37,14,28.9,4.85000000000002,0,0,0,0
2022-10-07,541.843967786051,479.560443001878,10.6885367347372,9.16421188930639,86,12,52,15,37.6,3.55000000000001,0,0,0,0
2022-10-08,549.669914470444,486.579915105843,7.82594668439333,7.0194721039644,87,1,26,-26,25.7,3.45000000000005,0,0,0,0
2022-10-09,556.12933042761,492.957010069736,6.45941595716545,6.37709496389351,79,-8,0,-26,0.9,2.15000000000003,0,0,0,0
2022-10-10,565.193891813867,500.804628995604,9.06456138625708,7.84761892586812,77,-2,11,11,1.3,5.35000000000002,0,0,0,0
2022-10-11,573.372565184363,508.027991775766,8.17867337049631,7.22336278016167,72,-5,1,-10,3.5,2.55000000000001,0,0,0,0
2022-10-12,581.218614700201,514.291909683444,7.84604951583765,6.26391790767815,69,-3,0,-1,0.1,1.65000000000003,0,0,0,0
2022-10-13,586.865780757215,520.024823731044,5.64716605701358,5.73291404759971,68,-1,6,6,4.1,4.45000000000005,0,0,0,0
2022-10-14,591.348210834458,522.643557362888,4.48243007724341,2.61873363184395,65,-3,0,-6,0.7,2.15000000000003,0,0,0,0
2022-10-15,597.630815105062,529.037469161917,6.28260427060434,6.39391179902896,63,-2,0,0,12.4,2.05000000000001,0,0,0,0
2022-10-16,602.654399567831,534.645304559384,5.02358446276855,5.60783539746717,63,0,4,4,1.6,2.35000000000002,0,0,0,0
2022-10-17,609.055468205064,541.80279639627,6.40106863723372,7.15749183688558,66,3,13,9,11,2.65000000000003,0,0,0,0
2022-10-18,614.813649900635,545.714670345653,5.7581816955701,3.9118739493839,64,-2,1,-12,2.7,2.35000000000002,0,0,0,0
2022-10-19,623.523637365173,552.81032097375,8.70998746453881,7.09565062809679,63,-1,0,-1,0.1,1.35000000000002,0,0,1,1
2022-10-20,626.897538503966,556.970718170193,3.37390113879303,4.16039719644277,61,-2,0,0,0,-0.549999999999955,1,1,1,2
2022-10-21,633.680835717637,562.156647037639,6.78329721367084,5.18592886744557,60,-1,0,0,0,1.55000000000001,0,0,1,3
2022-10-22,633.698239365957,565.285699983194,0.0174036483192594,3.1290529455556,61,1,4,4,0,3.65000000000003,0,0,0,0
2022-10-23,637.626023716893,569.673231957295,3.92778435093612,4.38753197410085,61,0,5,1,0.7,3.25,0,0,0,0
2022-10-24,645.419071392267,575.249071695857,7.79304767537394,5.57583973856242,65,4,13,8,7.3,4.45000000000005,0,0,0,0
2022-10-25,652.220864331866,580.047703510751,6.80179293959941,4.7986318148935,65,0,6,-7,2.3,3.95000000000005,0,0,0,0
2022-10-26,655.062637546972,583.136070449882,2.84177321510583,3.08836693913122,63,-2,0,-6,0.4,5.05000000000001,0,0,0,0
2022-10-27,657.822124022561,588.261762017959,2.75948647558937,5.12569156807683,64,1,7,7,6,5.85000000000002,0,0,0,0
2022-10-28,662.878332597951,589.775796608488,5.05620857538975,1.51403459052847,63,-1,2,-5,1.6,6.65000000000003,0,0,0,0
2022-10-29,665.863260668552,593.957800642326,2.98492807060086,4.18200403383901,66,3,15,13,7.9,7.65000000000003,0,0,0,0
2022-10-30,669.287833510791,596.964430810333,3.42457284223872,3.00663016800661,64,-2,0,-15,1,5.25,0,0,0,0
2022-10-31,675.395946389871,602.613237267985,6.10811287908086,5.64880645765152,64,0,5,5,4.2,5.75,0,0,0,0
2022-11-01,681.801405536532,609.836172686029,6.40545914666109,7.22293541804436,63,-1,0,-5,1.1,5.65000000000003,0,0,0,0
2022-11-02,687.168313303685,617.406193734288,5.3669077671525,7.57002104825949,62,-1,4,4,4.5,6.05000000000001,0,0,0,0
2022-11-03,697.471218163645,627.332640624716,10.3029048599604,9.92644689042731,61,-1,0,-4,2,3.35000000000002,0,0,0,0
2022-11-04,706.369270428881,637.40426547811,8.89805226523606,10.0716248533938,62,1,6,6,10.1,4.35000000000002,0,0,0,0
2022-11-05,719.824979692662,658.153499672467,13.4557092637805,20.7492341943573,61,-1,0,-6,17.2,2.75,0,0,0,0
2022-11-06,734.177776984913,675.668082806705,14.3527972922506,17.5145831342384,60,-1,0,0,6.2,1.85000000000002,0,0,0,0
2022-11-07,759.11101804348,701.746795560623,24.933241058567,26.0787127539176,59,-1,0,0,5.2,1.85000000000002,0,0,0,0
2022-11-08,773.386409944813,715.662981292555,14.2753919013335,13.9161857319326,58,-1,0,0,3.4,1.35000000000002,0,0,0,0
2022-11-09,786.727544494488,732.970554410752,13.3411345496746,17.3075731181967,60,2,7,7,2.6,4.15000000000003,0,0,0,0
2022-11-10,794.381298752872,742.838178453393,7.65375425838477,9.86762404264039,65,5,19,12,11.4,2.95000000000005,0,0,0,0
2022-11-11,814.192666371749,763.948218934822,19.8113676188765,21.1100404814298,85,20,65,46,53.3,6.25,0,0,0,0
2022-11-12,833.714246668415,785.313782460671,19.5215802966665,21.3655635258482,94,9,52,-13,56.6,7.95000000000005,0,0,0,0
2022-11-13,840.417232300072,793.937214703113,6.7029856316567,8.62343224244296,86,-8,4,-48,0,4.85000000000002,0,0,0,0
2022-11-14,853.365188975579,806.016618524365,12.9479566755074,12.079403821252,80,-6,3,-1,0,5.75,0,0,0,0
2022-11-15,866.710484726035,820.920100277104,13.3452957504552,14.9034817527388,75,-5,3,0,0,6.85000000000002,0,0,0,0
2022-11-16,874.199468820246,830.056512363822,7.48898409421167,9.13641208671822,71,-4,0,-3,0.3,1.75,0,0,1,1
2022-11-17,884.143183991999,837.055775785646,9.94371517175262,6.99926342182357,67,-4,0,0,0.3,-1.75,1,1,1,2
2022-11-18,889.260541016788,841.979063252322,5.11735702478882,4.92328746667579,65,-2,0,0,0,-3.34999999999997,1,2,0,0
2022-11-19,893.352786921281,845.797970729752,4.09224590449355,3.81890747743012,63,-2,0,0,0.1,-4.84999999999997,1,3,0,0
2022-11-20,897.827050546062,848.965040606686,4.4742636247812,3.16706987693442,61,-2,0,0,0,-4.54999999999995,1,4,0,0
2022-11-21,901.102453290961,850.633103379163,3.27540274489832,1.66806277247633,61,0,0,0,0,-6.34999999999997,1,5,0,0
2022-11-22,902.95825070923,851.781931929838,1.85579741826882,1.14882855067481,60,-1,0,0,0.3,-6.34999999999997,1,6,0,0
2022-11-23,903.041284634398,852.493715214703,0.0830339251682517,0.71178328486576,59,-1,0,0,0,-4.54999999999995,1,7,0,0
2022-11-24,902.770564370651,852.835280934418,-0.270720263746625,0.341565719714708,58,-1,0,0,0,-1.75,1,8,0,0
2022-11-25,904.497804558673,853.404026631651,1.72724018802148,0.568745697232657,58,0,0,0,0.1,-0.149999999999977,1,9,1,1
2022-11-26,905.880876376264,854.896643709282,1.38307181759149,1.49261707763128,57,-1,0,0,1.5,1.15000000000003,0,0,1,2
2022-11-27,906.05619148138,856.208263769404,0.175315105115942,1.31162006012232,57,0,0,0,0.6,1.65000000000003,0,0,0,0
